"","x","y"
"1",1,0.542237061769616
"2",2,0.521869782971619
"3",3,0.410350584307179
"4",4,0.376627712854758
"5",5,0.375626043405676
"6",6,0.361936560934891
"7",7,0.36126878130217
"8",8,0.359599332220367
"9",9,0.359265442404007
"10",10,0.346243739565943
"11",11,0.330884808013356
"12",12,0.307178631051753
"13",13,0.303171953255426
"14",14,0.299165275459098
"15",15,0.289816360601002
"16",16,0.28914858096828
"17",17,0.28347245409015
"18",18,0.280133555926544
"19",19,0.267445742904841
"20",20,0.264106844741235
"21",21,0.253756260434057
"22",22,0.251085141903172
"23",23,0.24440734557596
"24",24,0.241736227045075
"25",25,0.235726210350584
"26",26,0.232387312186978
"27",27,0.230717863105175
"28",28,0.230383973288815
"29",29,0.22771285475793
"30",30,0.226377295492487
"31",31,0.22237061769616
"32",32,0.2220367278798
"33",33,0.218697829716194
"34",34,0.210684474123539
"35",35,0.207011686143573
"36",36,0.195325542570952
"37",37,0.189983305509182
"38",38,0.187646076794658
"39",39,0.184641068447412
"40",40,0.180634390651085
"41",41,0.180300500834725
"42",42,0.174958263772955
"43",43,0.172954924874791
"44",44,0.170283806343907
"45",45,0.163272120200334
"46",46,0.162938230383973
"47",47,0.159933222036728
"48",48,0.156928213689482
"49",49,0.154924874791319
"50",50,0.154924874791319
"51",51,0.154257095158598
"52",52,0.14991652754591
"53",53,0.149582637729549
"54",54,0.140901502504174
"55",55,0.139899833055092
"56",56,0.139232053422371
"57",57,0.136560934891486
"58",58,0.135893155258765
"59",59,0.13355592654424
"60",60,0.130550918196995
"61",61,0.129883138564274
"62",62,0.128881469115192
"63",63,0.124874791318865
"64",64,0.123205342237062
"65",65,0.115525876460768
"66",66,0.11085141903172
"67",67,0.109515859766277
"68",68,0.108848080133556
"69",69,0.100500834724541
"70",70,0.10016694490818
"71",71,0.0998330550918197
"72",72,0.0998330550918197
"73",73,0.0994991652754591
"74",74,0.0994991652754591
"75",75,0.0984974958263773
"76",76,0.0971619365609349
"77",77,0.0964941569282137
"78",78,0.0941569282136895
"79",79,0.0938230383973289
"80",80,0.0934891485809683
"81",81,0.0918196994991653
"82",82,0.0914858096828047
"83",83,0.0898163606010017
"84",84,0.0898163606010017
"85",85,0.0894824707846411
"86",86,0.0891485809682805
"87",87,0.0891485809682805
"88",88,0.0888146911519199
"89",89,0.0888146911519199
"90",90,0.0888146911519199
"91",91,0.0884808013355593
"92",92,0.0884808013355593
"93",93,0.0881469115191987
"94",94,0.0878130217028381
"95",95,0.0861435726210351
"96",96,0.0854757929883139
"97",97,0.0841402337228715
"98",98,0.0841402337228715
"99",99,0.0838063439065109
"100",100,0.0831385642737897
"101",101,0.082804674457429
"102",102,0.0818030050083473
"103",103,0.0818030050083473
"104",104,0.081135225375626
"105",105,0.0808013355592654
"106",106,0.0808013355592654
"107",107,0.0804674457429048
"108",108,0.07779632721202
"109",109,0.0774624373956594
"110",110,0.0774624373956594
"111",111,0.0771285475792988
"112",112,0.0767946577629382
"113",113,0.0754590984974958
"114",114,0.0747913188647746
"115",115,0.074457429048414
"116",116,0.072787979966611
"117",117,0.072787979966611
"118",118,0.0724540901502504
"119",119,0.0721202003338898
"120",120,0.0714524207011686
"121",121,0.0701168614357262
"122",122,0.069449081803005
"123",123,0.069449081803005
"124",124,0.069449081803005
"125",125,0.0691151919866444
"126",126,0.0687813021702838
"127",127,0.0671118530884808
"128",128,0.0671118530884808
"129",129,0.066110183639399
"130",130,0.066110183639399
"131",131,0.0657762938230384
"132",132,0.064440734557596
"133",133,0.0637729549248748
"134",134,0.0634390651085142
"135",135,0.0631051752921536
"136",136,0.062771285475793
"137",137,0.062771285475793
"138",138,0.0624373956594324
"139",139,0.0621035058430718
"140",140,0.06110183639399
"141",141,0.0607679465776294
"142",142,0.0607679465776294
"143",143,0.0607679465776294
"144",144,0.0604340567612688
"145",145,0.0604340567612688
"146",146,0.0597662771285476
"147",147,0.0584307178631052
"148",148,0.0574290484140234
"149",149,0.0567612687813022
"150",150,0.0567612687813022
"151",151,0.0567612687813022
"152",152,0.0564273789649416
"153",153,0.056093489148581
"154",154,0.056093489148581
"155",155,0.056093489148581
"156",156,0.0554257095158598
"157",157,0.0547579298831386
"158",158,0.0547579298831386
"159",159,0.0547579298831386
"160",160,0.0540901502504174
"161",161,0.0540901502504174
"162",162,0.0537562604340568
"163",163,0.0530884808013356
"164",164,0.052754590984975
"165",165,0.052754590984975
"166",166,0.052754590984975
"167",167,0.0524207011686144
"168",168,0.0524207011686144
"169",169,0.0520868113522538
"170",170,0.0520868113522538
"171",171,0.0514190317195326
"172",172,0.051085141903172
"173",173,0.051085141903172
"174",174,0.0500834724540902
"175",175,0.0500834724540902
"176",176,0.0500834724540902
"177",177,0.0490818030050083
"178",178,0.0487479131886477
"179",179,0.0484140233722871
"180",180,0.0484140233722871
"181",181,0.0484140233722871
"182",182,0.0484140233722871
"183",183,0.0480801335559265
"184",184,0.0474123539232053
"185",185,0.0474123539232053
"186",186,0.0470784641068447
"187",187,0.0460767946577629
"188",188,0.0457429048414023
"189",189,0.0457429048414023
"190",190,0.0457429048414023
"191",191,0.0454090150250417
"192",192,0.0454090150250417
"193",193,0.0450751252086811
"194",194,0.0450751252086811
"195",195,0.0447412353923205
"196",196,0.0444073455759599
"197",197,0.0444073455759599
"198",198,0.0430717863105175
"199",199,0.0430717863105175
"200",200,0.0430717863105175
"201",201,0.0430717863105175
"202",202,0.0424040066777963
"203",203,0.0424040066777963
"204",204,0.0424040066777963
"205",205,0.0424040066777963
"206",206,0.0420701168614357
"207",207,0.0420701168614357
"208",208,0.0417362270450751
"209",209,0.0417362270450751
"210",210,0.0417362270450751
"211",211,0.0417362270450751
"212",212,0.0417362270450751
"213",213,0.0417362270450751
"214",214,0.0414023372287145
"215",215,0.0414023372287145
"216",216,0.0414023372287145
"217",217,0.0404006677796327
"218",218,0.0404006677796327
"219",219,0.0400667779632721
"220",220,0.0400667779632721
"221",221,0.0400667779632721
"222",222,0.0400667779632721
"223",223,0.0400667779632721
"224",224,0.0397328881469115
"225",225,0.0397328881469115
"226",226,0.0393989983305509
"227",227,0.0393989983305509
"228",228,0.0393989983305509
"229",229,0.0390651085141903
"230",230,0.0390651085141903
"231",231,0.0387312186978297
"232",232,0.0387312186978297
"233",233,0.0387312186978297
"234",234,0.0387312186978297
"235",235,0.0383973288814691
"236",236,0.0383973288814691
"237",237,0.0383973288814691
"238",238,0.0383973288814691
"239",239,0.0383973288814691
"240",240,0.0380634390651085
"241",241,0.0380634390651085
"242",242,0.0380634390651085
"243",243,0.0380634390651085
"244",244,0.0380634390651085
"245",245,0.0377295492487479
"246",246,0.0373956594323873
"247",247,0.0373956594323873
"248",248,0.0373956594323873
"249",249,0.0373956594323873
"250",250,0.0373956594323873
"251",251,0.0373956594323873
"252",252,0.0370617696160267
"253",253,0.0370617696160267
"254",254,0.0367278797996661
"255",255,0.0367278797996661
"256",256,0.0367278797996661
"257",257,0.0367278797996661
"258",258,0.0367278797996661
"259",259,0.0363939899833055
"260",260,0.0363939899833055
"261",261,0.0363939899833055
"262",262,0.0363939899833055
"263",263,0.0360601001669449
"264",264,0.0360601001669449
"265",265,0.0357262103505843
"266",266,0.0357262103505843
"267",267,0.0353923205342237
"268",268,0.0353923205342237
"269",269,0.0353923205342237
"270",270,0.0350584307178631
"271",271,0.0350584307178631
"272",272,0.0350584307178631
"273",273,0.0350584307178631
"274",274,0.0347245409015025
"275",275,0.0347245409015025
"276",276,0.0347245409015025
"277",277,0.0347245409015025
"278",278,0.0347245409015025
"279",279,0.0347245409015025
"280",280,0.0343906510851419
"281",281,0.0343906510851419
"282",282,0.0343906510851419
"283",283,0.0343906510851419
"284",284,0.0340567612687813
"285",285,0.0340567612687813
"286",286,0.0340567612687813
"287",287,0.0340567612687813
"288",288,0.0340567612687813
"289",289,0.0340567612687813
"290",290,0.0337228714524207
"291",291,0.0337228714524207
"292",292,0.0337228714524207
"293",293,0.0333889816360601
"294",294,0.0330550918196995
"295",295,0.0327212020033389
"296",296,0.0327212020033389
"297",297,0.0323873121869783
"298",298,0.0320534223706177
"299",299,0.0317195325542571
"300",300,0.0317195325542571
"301",301,0.0317195325542571
"302",302,0.0317195325542571
"303",303,0.0313856427378965
"304",304,0.0313856427378965
"305",305,0.0313856427378965
"306",306,0.0313856427378965
"307",307,0.0313856427378965
"308",308,0.0310517529215359
"309",309,0.0310517529215359
"310",310,0.0310517529215359
"311",311,0.0310517529215359
"312",312,0.0310517529215359
"313",313,0.0310517529215359
"314",314,0.0310517529215359
"315",315,0.0307178631051753
"316",316,0.0307178631051753
"317",317,0.0307178631051753
"318",318,0.0307178631051753
"319",319,0.0303839732888147
"320",320,0.0303839732888147
"321",321,0.0303839732888147
"322",322,0.0303839732888147
"323",323,0.0300500834724541
"324",324,0.0300500834724541
"325",325,0.0300500834724541
"326",326,0.0300500834724541
"327",327,0.0300500834724541
"328",328,0.0300500834724541
"329",329,0.0300500834724541
"330",330,0.0297161936560935
"331",331,0.0297161936560935
"332",332,0.0297161936560935
"333",333,0.0297161936560935
"334",334,0.0297161936560935
"335",335,0.0297161936560935
"336",336,0.0297161936560935
"337",337,0.0297161936560935
"338",338,0.0293823038397329
"339",339,0.0293823038397329
"340",340,0.0293823038397329
"341",341,0.0293823038397329
"342",342,0.0290484140233723
"343",343,0.0290484140233723
"344",344,0.0290484140233723
"345",345,0.0290484140233723
"346",346,0.0287145242070117
"347",347,0.0287145242070117
"348",348,0.0287145242070117
"349",349,0.0287145242070117
"350",350,0.0287145242070117
"351",351,0.0283806343906511
"352",352,0.0283806343906511
"353",353,0.0283806343906511
"354",354,0.0280467445742905
"355",355,0.0280467445742905
"356",356,0.0280467445742905
"357",357,0.0280467445742905
"358",358,0.0280467445742905
"359",359,0.0277128547579299
"360",360,0.0277128547579299
"361",361,0.0277128547579299
"362",362,0.0277128547579299
"363",363,0.0277128547579299
"364",364,0.0277128547579299
"365",365,0.0277128547579299
"366",366,0.0273789649415693
"367",367,0.0273789649415693
"368",368,0.0273789649415693
"369",369,0.0273789649415693
"370",370,0.0273789649415693
"371",371,0.0273789649415693
"372",372,0.0273789649415693
"373",373,0.0273789649415693
"374",374,0.0270450751252087
"375",375,0.0270450751252087
"376",376,0.0270450751252087
"377",377,0.0270450751252087
"378",378,0.0270450751252087
"379",379,0.0270450751252087
"380",380,0.0270450751252087
"381",381,0.0267111853088481
"382",382,0.0267111853088481
"383",383,0.0267111853088481
"384",384,0.0267111853088481
"385",385,0.0267111853088481
"386",386,0.0267111853088481
"387",387,0.0263772954924875
"388",388,0.0263772954924875
"389",389,0.0263772954924875
"390",390,0.0263772954924875
"391",391,0.0263772954924875
"392",392,0.0263772954924875
"393",393,0.0263772954924875
"394",394,0.0263772954924875
"395",395,0.0263772954924875
"396",396,0.0260434056761269
"397",397,0.0260434056761269
"398",398,0.0260434056761269
"399",399,0.0257095158597663
"400",400,0.0257095158597663
"401",401,0.0257095158597663
"402",402,0.0257095158597663
"403",403,0.0257095158597663
"404",404,0.0257095158597663
"405",405,0.0257095158597663
"406",406,0.0257095158597663
"407",407,0.0257095158597663
"408",408,0.0253756260434057
"409",409,0.0253756260434057
"410",410,0.0253756260434057
"411",411,0.0253756260434057
"412",412,0.0253756260434057
"413",413,0.0250417362270451
"414",414,0.0250417362270451
"415",415,0.0250417362270451
"416",416,0.0247078464106845
"417",417,0.0247078464106845
"418",418,0.0247078464106845
"419",419,0.0247078464106845
"420",420,0.0247078464106845
"421",421,0.0247078464106845
"422",422,0.0247078464106845
"423",423,0.0247078464106845
"424",424,0.0247078464106845
"425",425,0.0247078464106845
"426",426,0.0247078464106845
"427",427,0.0247078464106845
"428",428,0.0247078464106845
"429",429,0.0247078464106845
"430",430,0.0247078464106845
"431",431,0.0243739565943239
"432",432,0.0243739565943239
"433",433,0.0243739565943239
"434",434,0.0243739565943239
"435",435,0.0243739565943239
"436",436,0.0243739565943239
"437",437,0.0240400667779633
"438",438,0.0240400667779633
"439",439,0.0240400667779633
"440",440,0.0240400667779633
"441",441,0.0240400667779633
"442",442,0.0240400667779633
"443",443,0.0240400667779633
"444",444,0.0240400667779633
"445",445,0.0237061769616027
"446",446,0.0237061769616027
"447",447,0.0237061769616027
"448",448,0.0237061769616027
"449",449,0.0233722871452421
"450",450,0.0233722871452421
"451",451,0.0233722871452421
"452",452,0.0233722871452421
"453",453,0.0230383973288815
"454",454,0.0230383973288815
"455",455,0.0230383973288815
"456",456,0.0230383973288815
"457",457,0.0230383973288815
"458",458,0.0230383973288815
"459",459,0.0230383973288815
"460",460,0.0230383973288815
"461",461,0.0230383973288815
"462",462,0.0227045075125209
"463",463,0.0227045075125209
"464",464,0.0227045075125209
"465",465,0.0227045075125209
"466",466,0.0227045075125209
"467",467,0.0227045075125209
"468",468,0.0227045075125209
"469",469,0.0223706176961603
"470",470,0.0223706176961603
"471",471,0.0223706176961603
"472",472,0.0223706176961603
"473",473,0.0223706176961603
"474",474,0.0223706176961603
"475",475,0.0223706176961603
"476",476,0.0223706176961603
"477",477,0.0223706176961603
"478",478,0.0220367278797997
"479",479,0.0220367278797997
"480",480,0.0220367278797997
"481",481,0.0220367278797997
"482",482,0.0220367278797997
"483",483,0.0220367278797997
"484",484,0.0220367278797997
"485",485,0.0220367278797997
"486",486,0.0220367278797997
"487",487,0.0220367278797997
"488",488,0.0217028380634391
"489",489,0.0217028380634391
"490",490,0.0217028380634391
"491",491,0.0217028380634391
"492",492,0.0217028380634391
"493",493,0.0217028380634391
"494",494,0.0217028380634391
"495",495,0.0217028380634391
"496",496,0.0217028380634391
"497",497,0.0213689482470785
"498",498,0.0213689482470785
"499",499,0.0213689482470785
"500",500,0.0213689482470785
"501",501,0.0213689482470785
"502",502,0.0213689482470785
"503",503,0.0213689482470785
"504",504,0.0213689482470785
"505",505,0.0210350584307179
"506",506,0.0210350584307179
"507",507,0.0210350584307179
"508",508,0.0210350584307179
"509",509,0.0210350584307179
"510",510,0.0210350584307179
"511",511,0.0210350584307179
"512",512,0.0210350584307179
"513",513,0.0210350584307179
"514",514,0.0210350584307179
"515",515,0.0210350584307179
"516",516,0.0207011686143573
"517",517,0.0207011686143573
"518",518,0.0207011686143573
"519",519,0.0207011686143573
"520",520,0.0207011686143573
"521",521,0.0207011686143573
"522",522,0.0207011686143573
"523",523,0.0207011686143573
"524",524,0.0207011686143573
"525",525,0.0203672787979967
"526",526,0.0203672787979967
"527",527,0.0203672787979967
"528",528,0.0203672787979967
"529",529,0.0203672787979967
"530",530,0.0203672787979967
"531",531,0.0203672787979967
"532",532,0.0200333889816361
"533",533,0.0200333889816361
"534",534,0.0200333889816361
"535",535,0.0200333889816361
"536",536,0.0200333889816361
"537",537,0.0200333889816361
"538",538,0.0200333889816361
"539",539,0.0200333889816361
"540",540,0.0196994991652755
"541",541,0.0196994991652755
"542",542,0.0196994991652755
"543",543,0.0196994991652755
"544",544,0.0196994991652755
"545",545,0.0196994991652755
"546",546,0.0196994991652755
"547",547,0.0196994991652755
"548",548,0.0196994991652755
"549",549,0.0196994991652755
"550",550,0.0196994991652755
"551",551,0.0196994991652755
"552",552,0.0196994991652755
"553",553,0.0193656093489149
"554",554,0.0193656093489149
"555",555,0.0193656093489149
"556",556,0.0193656093489149
"557",557,0.0193656093489149
"558",558,0.0193656093489149
"559",559,0.0193656093489149
"560",560,0.0193656093489149
"561",561,0.0193656093489149
"562",562,0.0193656093489149
"563",563,0.0193656093489149
"564",564,0.0193656093489149
"565",565,0.0193656093489149
"566",566,0.0193656093489149
"567",567,0.0193656093489149
"568",568,0.0190317195325543
"569",569,0.0190317195325543
"570",570,0.0190317195325543
"571",571,0.0190317195325543
"572",572,0.0190317195325543
"573",573,0.0190317195325543
"574",574,0.0190317195325543
"575",575,0.0190317195325543
"576",576,0.0190317195325543
"577",577,0.0190317195325543
"578",578,0.0186978297161937
"579",579,0.0186978297161937
"580",580,0.0186978297161937
"581",581,0.0186978297161937
"582",582,0.0186978297161937
"583",583,0.0186978297161937
"584",584,0.0186978297161937
"585",585,0.0186978297161937
"586",586,0.0183639398998331
"587",587,0.0183639398998331
"588",588,0.0183639398998331
"589",589,0.0183639398998331
"590",590,0.0183639398998331
"591",591,0.0183639398998331
"592",592,0.0183639398998331
"593",593,0.0183639398998331
"594",594,0.0183639398998331
"595",595,0.0183639398998331
"596",596,0.0183639398998331
"597",597,0.0183639398998331
"598",598,0.0183639398998331
"599",599,0.0183639398998331
"600",600,0.0180300500834725
"601",601,0.0180300500834725
"602",602,0.0180300500834725
"603",603,0.0180300500834725
"604",604,0.0180300500834725
"605",605,0.0180300500834725
"606",606,0.0180300500834725
"607",607,0.0180300500834725
"608",608,0.0180300500834725
"609",609,0.0180300500834725
"610",610,0.0180300500834725
"611",611,0.0180300500834725
"612",612,0.0180300500834725
"613",613,0.0180300500834725
"614",614,0.0180300500834725
"615",615,0.0180300500834725
"616",616,0.0180300500834725
"617",617,0.0180300500834725
"618",618,0.0180300500834725
"619",619,0.0176961602671119
"620",620,0.0176961602671119
"621",621,0.0176961602671119
"622",622,0.0176961602671119
"623",623,0.0176961602671119
"624",624,0.0176961602671119
"625",625,0.0176961602671119
"626",626,0.0176961602671119
"627",627,0.0176961602671119
"628",628,0.0176961602671119
"629",629,0.0176961602671119
"630",630,0.0176961602671119
"631",631,0.0173622704507513
"632",632,0.0173622704507513
"633",633,0.0173622704507513
"634",634,0.0173622704507513
"635",635,0.0173622704507513
"636",636,0.0173622704507513
"637",637,0.0173622704507513
"638",638,0.0173622704507513
"639",639,0.0173622704507513
"640",640,0.0173622704507513
"641",641,0.0173622704507513
"642",642,0.0173622704507513
"643",643,0.0173622704507513
"644",644,0.0173622704507513
"645",645,0.0170283806343907
"646",646,0.0170283806343907
"647",647,0.0170283806343907
"648",648,0.0170283806343907
"649",649,0.0170283806343907
"650",650,0.0170283806343907
"651",651,0.0170283806343907
"652",652,0.0170283806343907
"653",653,0.0170283806343907
"654",654,0.0170283806343907
"655",655,0.0170283806343907
"656",656,0.0170283806343907
"657",657,0.0170283806343907
"658",658,0.0170283806343907
"659",659,0.0170283806343907
"660",660,0.01669449081803
"661",661,0.01669449081803
"662",662,0.01669449081803
"663",663,0.01669449081803
"664",664,0.01669449081803
"665",665,0.01669449081803
"666",666,0.01669449081803
"667",667,0.01669449081803
"668",668,0.01669449081803
"669",669,0.01669449081803
"670",670,0.01669449081803
"671",671,0.01669449081803
"672",672,0.01669449081803
"673",673,0.01669449081803
"674",674,0.01669449081803
"675",675,0.01669449081803
"676",676,0.01669449081803
"677",677,0.01669449081803
"678",678,0.01669449081803
"679",679,0.01669449081803
"680",680,0.0163606010016694
"681",681,0.0163606010016694
"682",682,0.0163606010016694
"683",683,0.0163606010016694
"684",684,0.0163606010016694
"685",685,0.0163606010016694
"686",686,0.0163606010016694
"687",687,0.0163606010016694
"688",688,0.0163606010016694
"689",689,0.0163606010016694
"690",690,0.0160267111853088
"691",691,0.0160267111853088
"692",692,0.0160267111853088
"693",693,0.0160267111853088
"694",694,0.0160267111853088
"695",695,0.0160267111853088
"696",696,0.0160267111853088
"697",697,0.0160267111853088
"698",698,0.0160267111853088
"699",699,0.0160267111853088
"700",700,0.0160267111853088
"701",701,0.0160267111853088
"702",702,0.0160267111853088
"703",703,0.0156928213689482
"704",704,0.0156928213689482
"705",705,0.0156928213689482
"706",706,0.0156928213689482
"707",707,0.0156928213689482
"708",708,0.0156928213689482
"709",709,0.0156928213689482
"710",710,0.0156928213689482
"711",711,0.0156928213689482
"712",712,0.0156928213689482
"713",713,0.0156928213689482
"714",714,0.0156928213689482
"715",715,0.0156928213689482
"716",716,0.0156928213689482
"717",717,0.0156928213689482
"718",718,0.0156928213689482
"719",719,0.0156928213689482
"720",720,0.0156928213689482
"721",721,0.0156928213689482
"722",722,0.0156928213689482
"723",723,0.0156928213689482
"724",724,0.0156928213689482
"725",725,0.0156928213689482
"726",726,0.0153589315525876
"727",727,0.0153589315525876
"728",728,0.0153589315525876
"729",729,0.0153589315525876
"730",730,0.0153589315525876
"731",731,0.0153589315525876
"732",732,0.0153589315525876
"733",733,0.0153589315525876
"734",734,0.0153589315525876
"735",735,0.0153589315525876
"736",736,0.0153589315525876
"737",737,0.0153589315525876
"738",738,0.0153589315525876
"739",739,0.015025041736227
"740",740,0.015025041736227
"741",741,0.015025041736227
"742",742,0.015025041736227
"743",743,0.015025041736227
"744",744,0.015025041736227
"745",745,0.015025041736227
"746",746,0.015025041736227
"747",747,0.015025041736227
"748",748,0.015025041736227
"749",749,0.015025041736227
"750",750,0.015025041736227
"751",751,0.015025041736227
"752",752,0.015025041736227
"753",753,0.015025041736227
"754",754,0.015025041736227
"755",755,0.015025041736227
"756",756,0.015025041736227
"757",757,0.015025041736227
"758",758,0.015025041736227
"759",759,0.0146911519198664
"760",760,0.0146911519198664
"761",761,0.0146911519198664
"762",762,0.0146911519198664
"763",763,0.0146911519198664
"764",764,0.0146911519198664
"765",765,0.0146911519198664
"766",766,0.0146911519198664
"767",767,0.0146911519198664
"768",768,0.0146911519198664
"769",769,0.0146911519198664
"770",770,0.0146911519198664
"771",771,0.0146911519198664
"772",772,0.0146911519198664
"773",773,0.0146911519198664
"774",774,0.0146911519198664
"775",775,0.0146911519198664
"776",776,0.0143572621035058
"777",777,0.0143572621035058
"778",778,0.0143572621035058
"779",779,0.0143572621035058
"780",780,0.0143572621035058
"781",781,0.0143572621035058
"782",782,0.0143572621035058
"783",783,0.0143572621035058
"784",784,0.0143572621035058
"785",785,0.0143572621035058
"786",786,0.0143572621035058
"787",787,0.0143572621035058
"788",788,0.0143572621035058
"789",789,0.0143572621035058
"790",790,0.0143572621035058
"791",791,0.0143572621035058
"792",792,0.0143572621035058
"793",793,0.0143572621035058
"794",794,0.0143572621035058
"795",795,0.0143572621035058
"796",796,0.0143572621035058
"797",797,0.0143572621035058
"798",798,0.0140233722871452
"799",799,0.0140233722871452
"800",800,0.0140233722871452
"801",801,0.0140233722871452
"802",802,0.0140233722871452
"803",803,0.0140233722871452
"804",804,0.0140233722871452
"805",805,0.0140233722871452
"806",806,0.0140233722871452
"807",807,0.0140233722871452
"808",808,0.0140233722871452
"809",809,0.0140233722871452
"810",810,0.0140233722871452
"811",811,0.0140233722871452
"812",812,0.0140233722871452
"813",813,0.0140233722871452
"814",814,0.0140233722871452
"815",815,0.0140233722871452
"816",816,0.0140233722871452
"817",817,0.0140233722871452
"818",818,0.0140233722871452
"819",819,0.0140233722871452
"820",820,0.0140233722871452
"821",821,0.0140233722871452
"822",822,0.0140233722871452
"823",823,0.0140233722871452
"824",824,0.0140233722871452
"825",825,0.0140233722871452
"826",826,0.0140233722871452
"827",827,0.0136894824707846
"828",828,0.0136894824707846
"829",829,0.0136894824707846
"830",830,0.0136894824707846
"831",831,0.0136894824707846
"832",832,0.0136894824707846
"833",833,0.0136894824707846
"834",834,0.0136894824707846
"835",835,0.0136894824707846
"836",836,0.0136894824707846
"837",837,0.0136894824707846
"838",838,0.0136894824707846
"839",839,0.0136894824707846
"840",840,0.0136894824707846
"841",841,0.013355592654424
"842",842,0.013355592654424
"843",843,0.013355592654424
"844",844,0.013355592654424
"845",845,0.013355592654424
"846",846,0.013355592654424
"847",847,0.013355592654424
"848",848,0.013355592654424
"849",849,0.013355592654424
"850",850,0.013355592654424
"851",851,0.013355592654424
"852",852,0.013355592654424
"853",853,0.013355592654424
"854",854,0.013355592654424
"855",855,0.013355592654424
"856",856,0.013355592654424
"857",857,0.0130217028380634
"858",858,0.0130217028380634
"859",859,0.0130217028380634
"860",860,0.0130217028380634
"861",861,0.0130217028380634
"862",862,0.0130217028380634
"863",863,0.0130217028380634
"864",864,0.0130217028380634
"865",865,0.0130217028380634
"866",866,0.0130217028380634
"867",867,0.0130217028380634
"868",868,0.0130217028380634
"869",869,0.0130217028380634
"870",870,0.0130217028380634
"871",871,0.0130217028380634
"872",872,0.0130217028380634
"873",873,0.0126878130217028
"874",874,0.0126878130217028
"875",875,0.0126878130217028
"876",876,0.0126878130217028
"877",877,0.0126878130217028
"878",878,0.0126878130217028
"879",879,0.0126878130217028
"880",880,0.0126878130217028
"881",881,0.0126878130217028
"882",882,0.0126878130217028
"883",883,0.0126878130217028
"884",884,0.0126878130217028
"885",885,0.0126878130217028
"886",886,0.0126878130217028
"887",887,0.0126878130217028
"888",888,0.0126878130217028
"889",889,0.0126878130217028
"890",890,0.0126878130217028
"891",891,0.0126878130217028
"892",892,0.0126878130217028
"893",893,0.0126878130217028
"894",894,0.0126878130217028
"895",895,0.0123539232053422
"896",896,0.0123539232053422
"897",897,0.0123539232053422
"898",898,0.0123539232053422
"899",899,0.0123539232053422
"900",900,0.0123539232053422
"901",901,0.0123539232053422
"902",902,0.0123539232053422
"903",903,0.0123539232053422
"904",904,0.0123539232053422
"905",905,0.0123539232053422
"906",906,0.0123539232053422
"907",907,0.0123539232053422
"908",908,0.0123539232053422
"909",909,0.0123539232053422
"910",910,0.0123539232053422
"911",911,0.0123539232053422
"912",912,0.0123539232053422
"913",913,0.0123539232053422
"914",914,0.0123539232053422
"915",915,0.0123539232053422
"916",916,0.0123539232053422
"917",917,0.0120200333889816
"918",918,0.0120200333889816
"919",919,0.0120200333889816
"920",920,0.0120200333889816
"921",921,0.0120200333889816
"922",922,0.0120200333889816
"923",923,0.0120200333889816
"924",924,0.0120200333889816
"925",925,0.0120200333889816
"926",926,0.0120200333889816
"927",927,0.0120200333889816
"928",928,0.0120200333889816
"929",929,0.0120200333889816
"930",930,0.0120200333889816
"931",931,0.0120200333889816
"932",932,0.0120200333889816
"933",933,0.0120200333889816
"934",934,0.0120200333889816
"935",935,0.0120200333889816
"936",936,0.0120200333889816
"937",937,0.0120200333889816
"938",938,0.0120200333889816
"939",939,0.0120200333889816
"940",940,0.0120200333889816
"941",941,0.0120200333889816
"942",942,0.0120200333889816
"943",943,0.0120200333889816
"944",944,0.011686143572621
"945",945,0.011686143572621
"946",946,0.011686143572621
"947",947,0.011686143572621
"948",948,0.011686143572621
"949",949,0.011686143572621
"950",950,0.011686143572621
"951",951,0.011686143572621
"952",952,0.011686143572621
"953",953,0.011686143572621
"954",954,0.011686143572621
"955",955,0.011686143572621
"956",956,0.011686143572621
"957",957,0.011686143572621
"958",958,0.011686143572621
"959",959,0.011686143572621
"960",960,0.011686143572621
"961",961,0.011686143572621
"962",962,0.011686143572621
"963",963,0.011686143572621
"964",964,0.011686143572621
"965",965,0.011686143572621
"966",966,0.011686143572621
"967",967,0.011686143572621
"968",968,0.011686143572621
"969",969,0.011686143572621
"970",970,0.011686143572621
"971",971,0.011686143572621
"972",972,0.011686143572621
"973",973,0.011686143572621
"974",974,0.011686143572621
"975",975,0.011686143572621
"976",976,0.0113522537562604
"977",977,0.0113522537562604
"978",978,0.0113522537562604
"979",979,0.0113522537562604
"980",980,0.0113522537562604
"981",981,0.0113522537562604
"982",982,0.0113522537562604
"983",983,0.0113522537562604
"984",984,0.0113522537562604
"985",985,0.0113522537562604
"986",986,0.0113522537562604
"987",987,0.0113522537562604
"988",988,0.0113522537562604
"989",989,0.0113522537562604
"990",990,0.0113522537562604
"991",991,0.0113522537562604
"992",992,0.0113522537562604
"993",993,0.0113522537562604
"994",994,0.0113522537562604
"995",995,0.0113522537562604
"996",996,0.0113522537562604
"997",997,0.0113522537562604
"998",998,0.0113522537562604
"999",999,0.0113522537562604
"1000",1000,0.0113522537562604
"1001",1001,0.0113522537562604
"1002",1002,0.0113522537562604
"1003",1003,0.0113522537562604
"1004",1004,0.0113522537562604
"1005",1005,0.0113522537562604
"1006",1006,0.0113522537562604
"1007",1007,0.0113522537562604
"1008",1008,0.0113522537562604
"1009",1009,0.0113522537562604
"1010",1010,0.0110183639398998
"1011",1011,0.0110183639398998
"1012",1012,0.0110183639398998
"1013",1013,0.0110183639398998
"1014",1014,0.0110183639398998
"1015",1015,0.0110183639398998
"1016",1016,0.0110183639398998
"1017",1017,0.0110183639398998
"1018",1018,0.0110183639398998
"1019",1019,0.0110183639398998
"1020",1020,0.0110183639398998
"1021",1021,0.0110183639398998
"1022",1022,0.0110183639398998
"1023",1023,0.0110183639398998
"1024",1024,0.0110183639398998
"1025",1025,0.0110183639398998
"1026",1026,0.0110183639398998
"1027",1027,0.0110183639398998
"1028",1028,0.0110183639398998
"1029",1029,0.0110183639398998
"1030",1030,0.0110183639398998
"1031",1031,0.0110183639398998
"1032",1032,0.0110183639398998
"1033",1033,0.0110183639398998
"1034",1034,0.0110183639398998
"1035",1035,0.0110183639398998
"1036",1036,0.0110183639398998
"1037",1037,0.0110183639398998
"1038",1038,0.0110183639398998
"1039",1039,0.0110183639398998
"1040",1040,0.0110183639398998
"1041",1041,0.0106844741235392
"1042",1042,0.0106844741235392
"1043",1043,0.0106844741235392
"1044",1044,0.0106844741235392
"1045",1045,0.0106844741235392
"1046",1046,0.0106844741235392
"1047",1047,0.0106844741235392
"1048",1048,0.0106844741235392
"1049",1049,0.0106844741235392
"1050",1050,0.0106844741235392
"1051",1051,0.0106844741235392
"1052",1052,0.0106844741235392
"1053",1053,0.0106844741235392
"1054",1054,0.0106844741235392
"1055",1055,0.0106844741235392
"1056",1056,0.0106844741235392
"1057",1057,0.0106844741235392
"1058",1058,0.0106844741235392
"1059",1059,0.0106844741235392
"1060",1060,0.0106844741235392
"1061",1061,0.0106844741235392
"1062",1062,0.0106844741235392
"1063",1063,0.0106844741235392
"1064",1064,0.0106844741235392
"1065",1065,0.0106844741235392
"1066",1066,0.0103505843071786
"1067",1067,0.0103505843071786
"1068",1068,0.0103505843071786
"1069",1069,0.0103505843071786
"1070",1070,0.0103505843071786
"1071",1071,0.0103505843071786
"1072",1072,0.0103505843071786
"1073",1073,0.0103505843071786
"1074",1074,0.0103505843071786
"1075",1075,0.0103505843071786
"1076",1076,0.0103505843071786
"1077",1077,0.0103505843071786
"1078",1078,0.0103505843071786
"1079",1079,0.0103505843071786
"1080",1080,0.0103505843071786
"1081",1081,0.0103505843071786
"1082",1082,0.0103505843071786
"1083",1083,0.0103505843071786
"1084",1084,0.0103505843071786
"1085",1085,0.0103505843071786
"1086",1086,0.0103505843071786
"1087",1087,0.0103505843071786
"1088",1088,0.0103505843071786
"1089",1089,0.0103505843071786
"1090",1090,0.0103505843071786
"1091",1091,0.010016694490818
"1092",1092,0.010016694490818
"1093",1093,0.010016694490818
"1094",1094,0.010016694490818
"1095",1095,0.010016694490818
"1096",1096,0.010016694490818
"1097",1097,0.010016694490818
"1098",1098,0.010016694490818
"1099",1099,0.010016694490818
"1100",1100,0.010016694490818
"1101",1101,0.010016694490818
"1102",1102,0.010016694490818
"1103",1103,0.010016694490818
"1104",1104,0.010016694490818
"1105",1105,0.010016694490818
"1106",1106,0.010016694490818
"1107",1107,0.010016694490818
"1108",1108,0.010016694490818
"1109",1109,0.010016694490818
"1110",1110,0.010016694490818
"1111",1111,0.010016694490818
"1112",1112,0.010016694490818
"1113",1113,0.010016694490818
"1114",1114,0.010016694490818
"1115",1115,0.010016694490818
"1116",1116,0.010016694490818
"1117",1117,0.010016694490818
"1118",1118,0.010016694490818
"1119",1119,0.010016694490818
"1120",1120,0.00968280467445743
"1121",1121,0.00968280467445743
"1122",1122,0.00968280467445743
"1123",1123,0.00968280467445743
"1124",1124,0.00968280467445743
"1125",1125,0.00968280467445743
"1126",1126,0.00968280467445743
"1127",1127,0.00968280467445743
"1128",1128,0.00968280467445743
"1129",1129,0.00968280467445743
"1130",1130,0.00968280467445743
"1131",1131,0.00968280467445743
"1132",1132,0.00968280467445743
"1133",1133,0.00968280467445743
"1134",1134,0.00968280467445743
"1135",1135,0.00968280467445743
"1136",1136,0.00968280467445743
"1137",1137,0.00968280467445743
"1138",1138,0.00968280467445743
"1139",1139,0.00968280467445743
"1140",1140,0.00968280467445743
"1141",1141,0.00968280467445743
"1142",1142,0.00968280467445743
"1143",1143,0.00968280467445743
"1144",1144,0.00968280467445743
"1145",1145,0.00968280467445743
"1146",1146,0.00968280467445743
"1147",1147,0.00968280467445743
"1148",1148,0.00968280467445743
"1149",1149,0.00968280467445743
"1150",1150,0.00968280467445743
"1151",1151,0.00968280467445743
"1152",1152,0.00968280467445743
"1153",1153,0.00934891485809683
"1154",1154,0.00934891485809683
"1155",1155,0.00934891485809683
"1156",1156,0.00934891485809683
"1157",1157,0.00934891485809683
"1158",1158,0.00934891485809683
"1159",1159,0.00934891485809683
"1160",1160,0.00934891485809683
"1161",1161,0.00934891485809683
"1162",1162,0.00934891485809683
"1163",1163,0.00934891485809683
"1164",1164,0.00934891485809683
"1165",1165,0.00934891485809683
"1166",1166,0.00934891485809683
"1167",1167,0.00934891485809683
"1168",1168,0.00934891485809683
"1169",1169,0.00934891485809683
"1170",1170,0.00934891485809683
"1171",1171,0.00934891485809683
"1172",1172,0.00934891485809683
"1173",1173,0.00934891485809683
"1174",1174,0.00934891485809683
"1175",1175,0.00934891485809683
"1176",1176,0.00934891485809683
"1177",1177,0.00934891485809683
"1178",1178,0.00934891485809683
"1179",1179,0.00934891485809683
"1180",1180,0.00934891485809683
"1181",1181,0.00934891485809683
"1182",1182,0.00934891485809683
"1183",1183,0.00934891485809683
"1184",1184,0.00934891485809683
"1185",1185,0.00934891485809683
"1186",1186,0.00934891485809683
"1187",1187,0.00934891485809683
"1188",1188,0.00934891485809683
"1189",1189,0.00934891485809683
"1190",1190,0.00934891485809683
"1191",1191,0.00934891485809683
"1192",1192,0.00901502504173623
"1193",1193,0.00901502504173623
"1194",1194,0.00901502504173623
"1195",1195,0.00901502504173623
"1196",1196,0.00901502504173623
"1197",1197,0.00901502504173623
"1198",1198,0.00901502504173623
"1199",1199,0.00901502504173623
"1200",1200,0.00901502504173623
"1201",1201,0.00901502504173623
"1202",1202,0.00901502504173623
"1203",1203,0.00901502504173623
"1204",1204,0.00901502504173623
"1205",1205,0.00901502504173623
"1206",1206,0.00901502504173623
"1207",1207,0.00901502504173623
"1208",1208,0.00901502504173623
"1209",1209,0.00901502504173623
"1210",1210,0.00901502504173623
"1211",1211,0.00901502504173623
"1212",1212,0.00901502504173623
"1213",1213,0.00901502504173623
"1214",1214,0.00901502504173623
"1215",1215,0.00901502504173623
"1216",1216,0.00901502504173623
"1217",1217,0.00901502504173623
"1218",1218,0.00901502504173623
"1219",1219,0.00901502504173623
"1220",1220,0.00901502504173623
"1221",1221,0.00901502504173623
"1222",1222,0.00901502504173623
"1223",1223,0.00901502504173623
"1224",1224,0.00901502504173623
"1225",1225,0.00868113522537563
"1226",1226,0.00868113522537563
"1227",1227,0.00868113522537563
"1228",1228,0.00868113522537563
"1229",1229,0.00868113522537563
"1230",1230,0.00868113522537563
"1231",1231,0.00868113522537563
"1232",1232,0.00868113522537563
"1233",1233,0.00868113522537563
"1234",1234,0.00868113522537563
"1235",1235,0.00868113522537563
"1236",1236,0.00868113522537563
"1237",1237,0.00868113522537563
"1238",1238,0.00868113522537563
"1239",1239,0.00868113522537563
"1240",1240,0.00868113522537563
"1241",1241,0.00868113522537563
"1242",1242,0.00868113522537563
"1243",1243,0.00868113522537563
"1244",1244,0.00868113522537563
"1245",1245,0.00868113522537563
"1246",1246,0.00868113522537563
"1247",1247,0.00868113522537563
"1248",1248,0.00868113522537563
"1249",1249,0.00868113522537563
"1250",1250,0.00868113522537563
"1251",1251,0.00868113522537563
"1252",1252,0.00868113522537563
"1253",1253,0.00868113522537563
"1254",1254,0.00868113522537563
"1255",1255,0.00868113522537563
"1256",1256,0.00868113522537563
"1257",1257,0.00868113522537563
"1258",1258,0.00868113522537563
"1259",1259,0.00868113522537563
"1260",1260,0.00868113522537563
"1261",1261,0.00868113522537563
"1262",1262,0.00868113522537563
"1263",1263,0.00868113522537563
"1264",1264,0.00834724540901502
"1265",1265,0.00834724540901502
"1266",1266,0.00834724540901502
"1267",1267,0.00834724540901502
"1268",1268,0.00834724540901502
"1269",1269,0.00834724540901502
"1270",1270,0.00834724540901502
"1271",1271,0.00834724540901502
"1272",1272,0.00834724540901502
"1273",1273,0.00834724540901502
"1274",1274,0.00834724540901502
"1275",1275,0.00834724540901502
"1276",1276,0.00834724540901502
"1277",1277,0.00834724540901502
"1278",1278,0.00834724540901502
"1279",1279,0.00834724540901502
"1280",1280,0.00834724540901502
"1281",1281,0.00834724540901502
"1282",1282,0.00834724540901502
"1283",1283,0.00834724540901502
"1284",1284,0.00834724540901502
"1285",1285,0.00834724540901502
"1286",1286,0.00834724540901502
"1287",1287,0.00834724540901502
"1288",1288,0.00834724540901502
"1289",1289,0.00834724540901502
"1290",1290,0.00834724540901502
"1291",1291,0.00834724540901502
"1292",1292,0.00834724540901502
"1293",1293,0.00834724540901502
"1294",1294,0.00834724540901502
"1295",1295,0.00834724540901502
"1296",1296,0.00834724540901502
"1297",1297,0.00801335559265442
"1298",1298,0.00801335559265442
"1299",1299,0.00801335559265442
"1300",1300,0.00801335559265442
"1301",1301,0.00801335559265442
"1302",1302,0.00801335559265442
"1303",1303,0.00801335559265442
"1304",1304,0.00801335559265442
"1305",1305,0.00801335559265442
"1306",1306,0.00801335559265442
"1307",1307,0.00801335559265442
"1308",1308,0.00801335559265442
"1309",1309,0.00801335559265442
"1310",1310,0.00801335559265442
"1311",1311,0.00801335559265442
"1312",1312,0.00801335559265442
"1313",1313,0.00801335559265442
"1314",1314,0.00801335559265442
"1315",1315,0.00801335559265442
"1316",1316,0.00801335559265442
"1317",1317,0.00801335559265442
"1318",1318,0.00801335559265442
"1319",1319,0.00801335559265442
"1320",1320,0.00801335559265442
"1321",1321,0.00801335559265442
"1322",1322,0.00801335559265442
"1323",1323,0.00801335559265442
"1324",1324,0.00801335559265442
"1325",1325,0.00801335559265442
"1326",1326,0.00801335559265442
"1327",1327,0.00801335559265442
"1328",1328,0.00801335559265442
"1329",1329,0.00801335559265442
"1330",1330,0.00801335559265442
"1331",1331,0.00801335559265442
"1332",1332,0.00801335559265442
"1333",1333,0.00801335559265442
"1334",1334,0.00801335559265442
"1335",1335,0.00801335559265442
"1336",1336,0.00801335559265442
"1337",1337,0.00801335559265442
"1338",1338,0.00801335559265442
"1339",1339,0.00801335559265442
"1340",1340,0.00767946577629382
"1341",1341,0.00767946577629382
"1342",1342,0.00767946577629382
"1343",1343,0.00767946577629382
"1344",1344,0.00767946577629382
"1345",1345,0.00767946577629382
"1346",1346,0.00767946577629382
"1347",1347,0.00767946577629382
"1348",1348,0.00767946577629382
"1349",1349,0.00767946577629382
"1350",1350,0.00767946577629382
"1351",1351,0.00767946577629382
"1352",1352,0.00767946577629382
"1353",1353,0.00767946577629382
"1354",1354,0.00767946577629382
"1355",1355,0.00767946577629382
"1356",1356,0.00767946577629382
"1357",1357,0.00767946577629382
"1358",1358,0.00767946577629382
"1359",1359,0.00767946577629382
"1360",1360,0.00767946577629382
"1361",1361,0.00767946577629382
"1362",1362,0.00767946577629382
"1363",1363,0.00767946577629382
"1364",1364,0.00767946577629382
"1365",1365,0.00767946577629382
"1366",1366,0.00767946577629382
"1367",1367,0.00767946577629382
"1368",1368,0.00767946577629382
"1369",1369,0.00767946577629382
"1370",1370,0.00767946577629382
"1371",1371,0.00767946577629382
"1372",1372,0.00767946577629382
"1373",1373,0.00767946577629382
"1374",1374,0.00767946577629382
"1375",1375,0.00767946577629382
"1376",1376,0.00767946577629382
"1377",1377,0.00767946577629382
"1378",1378,0.00767946577629382
"1379",1379,0.00767946577629382
"1380",1380,0.00767946577629382
"1381",1381,0.00734557595993322
"1382",1382,0.00734557595993322
"1383",1383,0.00734557595993322
"1384",1384,0.00734557595993322
"1385",1385,0.00734557595993322
"1386",1386,0.00734557595993322
"1387",1387,0.00734557595993322
"1388",1388,0.00734557595993322
"1389",1389,0.00734557595993322
"1390",1390,0.00734557595993322
"1391",1391,0.00734557595993322
"1392",1392,0.00734557595993322
"1393",1393,0.00734557595993322
"1394",1394,0.00734557595993322
"1395",1395,0.00734557595993322
"1396",1396,0.00734557595993322
"1397",1397,0.00734557595993322
"1398",1398,0.00734557595993322
"1399",1399,0.00734557595993322
"1400",1400,0.00734557595993322
"1401",1401,0.00734557595993322
"1402",1402,0.00734557595993322
"1403",1403,0.00734557595993322
"1404",1404,0.00734557595993322
"1405",1405,0.00734557595993322
"1406",1406,0.00734557595993322
"1407",1407,0.00734557595993322
"1408",1408,0.00734557595993322
"1409",1409,0.00734557595993322
"1410",1410,0.00734557595993322
"1411",1411,0.00734557595993322
"1412",1412,0.00734557595993322
"1413",1413,0.00734557595993322
"1414",1414,0.00734557595993322
"1415",1415,0.00734557595993322
"1416",1416,0.00734557595993322
"1417",1417,0.00734557595993322
"1418",1418,0.00734557595993322
"1419",1419,0.00734557595993322
"1420",1420,0.00734557595993322
"1421",1421,0.00734557595993322
"1422",1422,0.00734557595993322
"1423",1423,0.00701168614357262
"1424",1424,0.00701168614357262
"1425",1425,0.00701168614357262
"1426",1426,0.00701168614357262
"1427",1427,0.00701168614357262
"1428",1428,0.00701168614357262
"1429",1429,0.00701168614357262
"1430",1430,0.00701168614357262
"1431",1431,0.00701168614357262
"1432",1432,0.00701168614357262
"1433",1433,0.00701168614357262
"1434",1434,0.00701168614357262
"1435",1435,0.00701168614357262
"1436",1436,0.00701168614357262
"1437",1437,0.00701168614357262
"1438",1438,0.00701168614357262
"1439",1439,0.00701168614357262
"1440",1440,0.00701168614357262
"1441",1441,0.00701168614357262
"1442",1442,0.00701168614357262
"1443",1443,0.00701168614357262
"1444",1444,0.00701168614357262
"1445",1445,0.00701168614357262
"1446",1446,0.00701168614357262
"1447",1447,0.00701168614357262
"1448",1448,0.00701168614357262
"1449",1449,0.00701168614357262
"1450",1450,0.00701168614357262
"1451",1451,0.00701168614357262
"1452",1452,0.00701168614357262
"1453",1453,0.00701168614357262
"1454",1454,0.00701168614357262
"1455",1455,0.00701168614357262
"1456",1456,0.00701168614357262
"1457",1457,0.00701168614357262
"1458",1458,0.00701168614357262
"1459",1459,0.00701168614357262
"1460",1460,0.00701168614357262
"1461",1461,0.00701168614357262
"1462",1462,0.00701168614357262
"1463",1463,0.00701168614357262
"1464",1464,0.00701168614357262
"1465",1465,0.00701168614357262
"1466",1466,0.00701168614357262
"1467",1467,0.00667779632721202
"1468",1468,0.00667779632721202
"1469",1469,0.00667779632721202
"1470",1470,0.00667779632721202
"1471",1471,0.00667779632721202
"1472",1472,0.00667779632721202
"1473",1473,0.00667779632721202
"1474",1474,0.00667779632721202
"1475",1475,0.00667779632721202
"1476",1476,0.00667779632721202
"1477",1477,0.00667779632721202
"1478",1478,0.00667779632721202
"1479",1479,0.00667779632721202
"1480",1480,0.00667779632721202
"1481",1481,0.00667779632721202
"1482",1482,0.00667779632721202
"1483",1483,0.00667779632721202
"1484",1484,0.00667779632721202
"1485",1485,0.00667779632721202
"1486",1486,0.00667779632721202
"1487",1487,0.00667779632721202
"1488",1488,0.00667779632721202
"1489",1489,0.00667779632721202
"1490",1490,0.00667779632721202
"1491",1491,0.00667779632721202
"1492",1492,0.00667779632721202
"1493",1493,0.00667779632721202
"1494",1494,0.00667779632721202
"1495",1495,0.00667779632721202
"1496",1496,0.00667779632721202
"1497",1497,0.00667779632721202
"1498",1498,0.00667779632721202
"1499",1499,0.00667779632721202
"1500",1500,0.00667779632721202
"1501",1501,0.00667779632721202
"1502",1502,0.00667779632721202
"1503",1503,0.00667779632721202
"1504",1504,0.00667779632721202
"1505",1505,0.00667779632721202
"1506",1506,0.00667779632721202
"1507",1507,0.00667779632721202
"1508",1508,0.00667779632721202
"1509",1509,0.00667779632721202
"1510",1510,0.00667779632721202
"1511",1511,0.00667779632721202
"1512",1512,0.00667779632721202
"1513",1513,0.00667779632721202
"1514",1514,0.00667779632721202
"1515",1515,0.00667779632721202
"1516",1516,0.00634390651085142
"1517",1517,0.00634390651085142
"1518",1518,0.00634390651085142
"1519",1519,0.00634390651085142
"1520",1520,0.00634390651085142
"1521",1521,0.00634390651085142
"1522",1522,0.00634390651085142
"1523",1523,0.00634390651085142
"1524",1524,0.00634390651085142
"1525",1525,0.00634390651085142
"1526",1526,0.00634390651085142
"1527",1527,0.00634390651085142
"1528",1528,0.00634390651085142
"1529",1529,0.00634390651085142
"1530",1530,0.00634390651085142
"1531",1531,0.00634390651085142
"1532",1532,0.00634390651085142
"1533",1533,0.00634390651085142
"1534",1534,0.00634390651085142
"1535",1535,0.00634390651085142
"1536",1536,0.00634390651085142
"1537",1537,0.00634390651085142
"1538",1538,0.00634390651085142
"1539",1539,0.00634390651085142
"1540",1540,0.00634390651085142
"1541",1541,0.00634390651085142
"1542",1542,0.00634390651085142
"1543",1543,0.00634390651085142
"1544",1544,0.00634390651085142
"1545",1545,0.00634390651085142
"1546",1546,0.00634390651085142
"1547",1547,0.00634390651085142
"1548",1548,0.00634390651085142
"1549",1549,0.00634390651085142
"1550",1550,0.00634390651085142
"1551",1551,0.00634390651085142
"1552",1552,0.00634390651085142
"1553",1553,0.00634390651085142
"1554",1554,0.00634390651085142
"1555",1555,0.00634390651085142
"1556",1556,0.00634390651085142
"1557",1557,0.00634390651085142
"1558",1558,0.00634390651085142
"1559",1559,0.00634390651085142
"1560",1560,0.00634390651085142
"1561",1561,0.00634390651085142
"1562",1562,0.00601001669449082
"1563",1563,0.00601001669449082
"1564",1564,0.00601001669449082
"1565",1565,0.00601001669449082
"1566",1566,0.00601001669449082
"1567",1567,0.00601001669449082
"1568",1568,0.00601001669449082
"1569",1569,0.00601001669449082
"1570",1570,0.00601001669449082
"1571",1571,0.00601001669449082
"1572",1572,0.00601001669449082
"1573",1573,0.00601001669449082
"1574",1574,0.00601001669449082
"1575",1575,0.00601001669449082
"1576",1576,0.00601001669449082
"1577",1577,0.00601001669449082
"1578",1578,0.00601001669449082
"1579",1579,0.00601001669449082
"1580",1580,0.00601001669449082
"1581",1581,0.00601001669449082
"1582",1582,0.00601001669449082
"1583",1583,0.00601001669449082
"1584",1584,0.00601001669449082
"1585",1585,0.00601001669449082
"1586",1586,0.00601001669449082
"1587",1587,0.00601001669449082
"1588",1588,0.00601001669449082
"1589",1589,0.00601001669449082
"1590",1590,0.00601001669449082
"1591",1591,0.00601001669449082
"1592",1592,0.00601001669449082
"1593",1593,0.00601001669449082
"1594",1594,0.00601001669449082
"1595",1595,0.00601001669449082
"1596",1596,0.00601001669449082
"1597",1597,0.00601001669449082
"1598",1598,0.00601001669449082
"1599",1599,0.00601001669449082
"1600",1600,0.00601001669449082
"1601",1601,0.00601001669449082
"1602",1602,0.00601001669449082
"1603",1603,0.00601001669449082
"1604",1604,0.00601001669449082
"1605",1605,0.00601001669449082
"1606",1606,0.00601001669449082
"1607",1607,0.00567612687813022
"1608",1608,0.00567612687813022
"1609",1609,0.00567612687813022
"1610",1610,0.00567612687813022
"1611",1611,0.00567612687813022
"1612",1612,0.00567612687813022
"1613",1613,0.00567612687813022
"1614",1614,0.00567612687813022
"1615",1615,0.00567612687813022
"1616",1616,0.00567612687813022
"1617",1617,0.00567612687813022
"1618",1618,0.00567612687813022
"1619",1619,0.00567612687813022
"1620",1620,0.00567612687813022
"1621",1621,0.00567612687813022
"1622",1622,0.00567612687813022
"1623",1623,0.00567612687813022
"1624",1624,0.00567612687813022
"1625",1625,0.00567612687813022
"1626",1626,0.00567612687813022
"1627",1627,0.00567612687813022
"1628",1628,0.00567612687813022
"1629",1629,0.00567612687813022
"1630",1630,0.00567612687813022
"1631",1631,0.00567612687813022
"1632",1632,0.00567612687813022
"1633",1633,0.00567612687813022
"1634",1634,0.00567612687813022
"1635",1635,0.00567612687813022
"1636",1636,0.00567612687813022
"1637",1637,0.00567612687813022
"1638",1638,0.00567612687813022
"1639",1639,0.00567612687813022
"1640",1640,0.00567612687813022
"1641",1641,0.00567612687813022
"1642",1642,0.00567612687813022
"1643",1643,0.00567612687813022
"1644",1644,0.00567612687813022
"1645",1645,0.00567612687813022
"1646",1646,0.00567612687813022
"1647",1647,0.00567612687813022
"1648",1648,0.00567612687813022
"1649",1649,0.00567612687813022
"1650",1650,0.00567612687813022
"1651",1651,0.00567612687813022
"1652",1652,0.00567612687813022
"1653",1653,0.00567612687813022
"1654",1654,0.00567612687813022
"1655",1655,0.00567612687813022
"1656",1656,0.00567612687813022
"1657",1657,0.00567612687813022
"1658",1658,0.00534223706176962
"1659",1659,0.00534223706176962
"1660",1660,0.00534223706176962
"1661",1661,0.00534223706176962
"1662",1662,0.00534223706176962
"1663",1663,0.00534223706176962
"1664",1664,0.00534223706176962
"1665",1665,0.00534223706176962
"1666",1666,0.00534223706176962
"1667",1667,0.00534223706176962
"1668",1668,0.00534223706176962
"1669",1669,0.00534223706176962
"1670",1670,0.00534223706176962
"1671",1671,0.00534223706176962
"1672",1672,0.00534223706176962
"1673",1673,0.00534223706176962
"1674",1674,0.00534223706176962
"1675",1675,0.00534223706176962
"1676",1676,0.00534223706176962
"1677",1677,0.00534223706176962
"1678",1678,0.00534223706176962
"1679",1679,0.00534223706176962
"1680",1680,0.00534223706176962
"1681",1681,0.00534223706176962
"1682",1682,0.00534223706176962
"1683",1683,0.00534223706176962
"1684",1684,0.00534223706176962
"1685",1685,0.00534223706176962
"1686",1686,0.00534223706176962
"1687",1687,0.00534223706176962
"1688",1688,0.00534223706176962
"1689",1689,0.00534223706176962
"1690",1690,0.00534223706176962
"1691",1691,0.00534223706176962
"1692",1692,0.00534223706176962
"1693",1693,0.00534223706176962
"1694",1694,0.00534223706176962
"1695",1695,0.00534223706176962
"1696",1696,0.00534223706176962
"1697",1697,0.00534223706176962
"1698",1698,0.00534223706176962
"1699",1699,0.00534223706176962
"1700",1700,0.00534223706176962
"1701",1701,0.00534223706176962
"1702",1702,0.00534223706176962
"1703",1703,0.00534223706176962
"1704",1704,0.00534223706176962
"1705",1705,0.00534223706176962
"1706",1706,0.00534223706176962
"1707",1707,0.00534223706176962
"1708",1708,0.00534223706176962
"1709",1709,0.00534223706176962
"1710",1710,0.00534223706176962
"1711",1711,0.00534223706176962
"1712",1712,0.00534223706176962
"1713",1713,0.00534223706176962
"1714",1714,0.00534223706176962
"1715",1715,0.00534223706176962
"1716",1716,0.00500834724540901
"1717",1717,0.00500834724540901
"1718",1718,0.00500834724540901
"1719",1719,0.00500834724540901
"1720",1720,0.00500834724540901
"1721",1721,0.00500834724540901
"1722",1722,0.00500834724540901
"1723",1723,0.00500834724540901
"1724",1724,0.00500834724540901
"1725",1725,0.00500834724540901
"1726",1726,0.00500834724540901
"1727",1727,0.00500834724540901
"1728",1728,0.00500834724540901
"1729",1729,0.00500834724540901
"1730",1730,0.00500834724540901
"1731",1731,0.00500834724540901
"1732",1732,0.00500834724540901
"1733",1733,0.00500834724540901
"1734",1734,0.00500834724540901
"1735",1735,0.00500834724540901
"1736",1736,0.00500834724540901
"1737",1737,0.00500834724540901
"1738",1738,0.00500834724540901
"1739",1739,0.00500834724540901
"1740",1740,0.00500834724540901
"1741",1741,0.00500834724540901
"1742",1742,0.00500834724540901
"1743",1743,0.00500834724540901
"1744",1744,0.00500834724540901
"1745",1745,0.00500834724540901
"1746",1746,0.00500834724540901
"1747",1747,0.00500834724540901
"1748",1748,0.00500834724540901
"1749",1749,0.00500834724540901
"1750",1750,0.00500834724540901
"1751",1751,0.00500834724540901
"1752",1752,0.00500834724540901
"1753",1753,0.00500834724540901
"1754",1754,0.00500834724540901
"1755",1755,0.00500834724540901
"1756",1756,0.00500834724540901
"1757",1757,0.00500834724540901
"1758",1758,0.00500834724540901
"1759",1759,0.00500834724540901
"1760",1760,0.00500834724540901
"1761",1761,0.00500834724540901
"1762",1762,0.00500834724540901
"1763",1763,0.00500834724540901
"1764",1764,0.00500834724540901
"1765",1765,0.00500834724540901
"1766",1766,0.00500834724540901
"1767",1767,0.00500834724540901
"1768",1768,0.00500834724540901
"1769",1769,0.00500834724540901
"1770",1770,0.00500834724540901
"1771",1771,0.00500834724540901
"1772",1772,0.00500834724540901
"1773",1773,0.00500834724540901
"1774",1774,0.00500834724540901
"1775",1775,0.00500834724540901
"1776",1776,0.00500834724540901
"1777",1777,0.00500834724540901
"1778",1778,0.00500834724540901
"1779",1779,0.00500834724540901
"1780",1780,0.00500834724540901
"1781",1781,0.00500834724540901
"1782",1782,0.00500834724540901
"1783",1783,0.00500834724540901
"1784",1784,0.00500834724540901
"1785",1785,0.00500834724540901
"1786",1786,0.00500834724540901
"1787",1787,0.00500834724540901
"1788",1788,0.00500834724540901
"1789",1789,0.00500834724540901
"1790",1790,0.00500834724540901
"1791",1791,0.00500834724540901
"1792",1792,0.00500834724540901
"1793",1793,0.00467445742904841
"1794",1794,0.00467445742904841
"1795",1795,0.00467445742904841
"1796",1796,0.00467445742904841
"1797",1797,0.00467445742904841
"1798",1798,0.00467445742904841
"1799",1799,0.00467445742904841
"1800",1800,0.00467445742904841
"1801",1801,0.00467445742904841
"1802",1802,0.00467445742904841
"1803",1803,0.00467445742904841
"1804",1804,0.00467445742904841
"1805",1805,0.00467445742904841
"1806",1806,0.00467445742904841
"1807",1807,0.00467445742904841
"1808",1808,0.00467445742904841
"1809",1809,0.00467445742904841
"1810",1810,0.00467445742904841
"1811",1811,0.00467445742904841
"1812",1812,0.00467445742904841
"1813",1813,0.00467445742904841
"1814",1814,0.00467445742904841
"1815",1815,0.00467445742904841
"1816",1816,0.00467445742904841
"1817",1817,0.00467445742904841
"1818",1818,0.00467445742904841
"1819",1819,0.00467445742904841
"1820",1820,0.00467445742904841
"1821",1821,0.00467445742904841
"1822",1822,0.00467445742904841
"1823",1823,0.00467445742904841
"1824",1824,0.00467445742904841
"1825",1825,0.00467445742904841
"1826",1826,0.00467445742904841
"1827",1827,0.00467445742904841
"1828",1828,0.00467445742904841
"1829",1829,0.00467445742904841
"1830",1830,0.00467445742904841
"1831",1831,0.00467445742904841
"1832",1832,0.00467445742904841
"1833",1833,0.00467445742904841
"1834",1834,0.00467445742904841
"1835",1835,0.00467445742904841
"1836",1836,0.00467445742904841
"1837",1837,0.00467445742904841
"1838",1838,0.00467445742904841
"1839",1839,0.00467445742904841
"1840",1840,0.00467445742904841
"1841",1841,0.00467445742904841
"1842",1842,0.00467445742904841
"1843",1843,0.00467445742904841
"1844",1844,0.00467445742904841
"1845",1845,0.00467445742904841
"1846",1846,0.00467445742904841
"1847",1847,0.00467445742904841
"1848",1848,0.00467445742904841
"1849",1849,0.00467445742904841
"1850",1850,0.00434056761268781
"1851",1851,0.00434056761268781
"1852",1852,0.00434056761268781
"1853",1853,0.00434056761268781
"1854",1854,0.00434056761268781
"1855",1855,0.00434056761268781
"1856",1856,0.00434056761268781
"1857",1857,0.00434056761268781
"1858",1858,0.00434056761268781
"1859",1859,0.00434056761268781
"1860",1860,0.00434056761268781
"1861",1861,0.00434056761268781
"1862",1862,0.00434056761268781
"1863",1863,0.00434056761268781
"1864",1864,0.00434056761268781
"1865",1865,0.00434056761268781
"1866",1866,0.00434056761268781
"1867",1867,0.00434056761268781
"1868",1868,0.00434056761268781
"1869",1869,0.00434056761268781
"1870",1870,0.00434056761268781
"1871",1871,0.00434056761268781
"1872",1872,0.00434056761268781
"1873",1873,0.00434056761268781
"1874",1874,0.00434056761268781
"1875",1875,0.00434056761268781
"1876",1876,0.00434056761268781
"1877",1877,0.00434056761268781
"1878",1878,0.00434056761268781
"1879",1879,0.00434056761268781
"1880",1880,0.00434056761268781
"1881",1881,0.00434056761268781
"1882",1882,0.00434056761268781
"1883",1883,0.00434056761268781
"1884",1884,0.00434056761268781
"1885",1885,0.00434056761268781
"1886",1886,0.00434056761268781
"1887",1887,0.00434056761268781
"1888",1888,0.00434056761268781
"1889",1889,0.00434056761268781
"1890",1890,0.00434056761268781
"1891",1891,0.00434056761268781
"1892",1892,0.00434056761268781
"1893",1893,0.00434056761268781
"1894",1894,0.00434056761268781
"1895",1895,0.00434056761268781
"1896",1896,0.00434056761268781
"1897",1897,0.00434056761268781
"1898",1898,0.00434056761268781
"1899",1899,0.00434056761268781
"1900",1900,0.00434056761268781
"1901",1901,0.00434056761268781
"1902",1902,0.00434056761268781
"1903",1903,0.00434056761268781
"1904",1904,0.00434056761268781
"1905",1905,0.00434056761268781
"1906",1906,0.00434056761268781
"1907",1907,0.00434056761268781
"1908",1908,0.00434056761268781
"1909",1909,0.00434056761268781
"1910",1910,0.00434056761268781
"1911",1911,0.00434056761268781
"1912",1912,0.00434056761268781
"1913",1913,0.00434056761268781
"1914",1914,0.00434056761268781
"1915",1915,0.00400667779632721
"1916",1916,0.00400667779632721
"1917",1917,0.00400667779632721
"1918",1918,0.00400667779632721
"1919",1919,0.00400667779632721
"1920",1920,0.00400667779632721
"1921",1921,0.00400667779632721
"1922",1922,0.00400667779632721
"1923",1923,0.00400667779632721
"1924",1924,0.00400667779632721
"1925",1925,0.00400667779632721
"1926",1926,0.00400667779632721
"1927",1927,0.00400667779632721
"1928",1928,0.00400667779632721
"1929",1929,0.00400667779632721
"1930",1930,0.00400667779632721
"1931",1931,0.00400667779632721
"1932",1932,0.00400667779632721
"1933",1933,0.00400667779632721
"1934",1934,0.00400667779632721
"1935",1935,0.00400667779632721
"1936",1936,0.00400667779632721
"1937",1937,0.00400667779632721
"1938",1938,0.00400667779632721
"1939",1939,0.00400667779632721
"1940",1940,0.00400667779632721
"1941",1941,0.00400667779632721
"1942",1942,0.00400667779632721
"1943",1943,0.00400667779632721
"1944",1944,0.00400667779632721
"1945",1945,0.00400667779632721
"1946",1946,0.00400667779632721
"1947",1947,0.00400667779632721
"1948",1948,0.00400667779632721
"1949",1949,0.00400667779632721
"1950",1950,0.00400667779632721
"1951",1951,0.00400667779632721
"1952",1952,0.00400667779632721
"1953",1953,0.00400667779632721
"1954",1954,0.00400667779632721
"1955",1955,0.00400667779632721
"1956",1956,0.00400667779632721
"1957",1957,0.00400667779632721
"1958",1958,0.00400667779632721
"1959",1959,0.00400667779632721
"1960",1960,0.00400667779632721
"1961",1961,0.00400667779632721
"1962",1962,0.00400667779632721
"1963",1963,0.00400667779632721
"1964",1964,0.00400667779632721
"1965",1965,0.00400667779632721
"1966",1966,0.00400667779632721
"1967",1967,0.00400667779632721
"1968",1968,0.00400667779632721
"1969",1969,0.00400667779632721
"1970",1970,0.00400667779632721
"1971",1971,0.00400667779632721
"1972",1972,0.00400667779632721
"1973",1973,0.00400667779632721
"1974",1974,0.00400667779632721
"1975",1975,0.00400667779632721
"1976",1976,0.00400667779632721
"1977",1977,0.00400667779632721
"1978",1978,0.00400667779632721
"1979",1979,0.00400667779632721
"1980",1980,0.00400667779632721
"1981",1981,0.00400667779632721
"1982",1982,0.00400667779632721
"1983",1983,0.00400667779632721
"1984",1984,0.00400667779632721
"1985",1985,0.00400667779632721
"1986",1986,0.00400667779632721
"1987",1987,0.00400667779632721
"1988",1988,0.00400667779632721
"1989",1989,0.00367278797996661
"1990",1990,0.00367278797996661
"1991",1991,0.00367278797996661
"1992",1992,0.00367278797996661
"1993",1993,0.00367278797996661
"1994",1994,0.00367278797996661
"1995",1995,0.00367278797996661
"1996",1996,0.00367278797996661
"1997",1997,0.00367278797996661
"1998",1998,0.00367278797996661
"1999",1999,0.00367278797996661
"2000",2000,0.00367278797996661
"2001",2001,0.00367278797996661
"2002",2002,0.00367278797996661
"2003",2003,0.00367278797996661
"2004",2004,0.00367278797996661
"2005",2005,0.00367278797996661
"2006",2006,0.00367278797996661
"2007",2007,0.00367278797996661
"2008",2008,0.00367278797996661
"2009",2009,0.00367278797996661
"2010",2010,0.00367278797996661
"2011",2011,0.00367278797996661
"2012",2012,0.00367278797996661
"2013",2013,0.00367278797996661
"2014",2014,0.00367278797996661
"2015",2015,0.00367278797996661
"2016",2016,0.00367278797996661
"2017",2017,0.00367278797996661
"2018",2018,0.00367278797996661
"2019",2019,0.00367278797996661
"2020",2020,0.00367278797996661
"2021",2021,0.00367278797996661
"2022",2022,0.00367278797996661
"2023",2023,0.00367278797996661
"2024",2024,0.00367278797996661
"2025",2025,0.00367278797996661
"2026",2026,0.00367278797996661
"2027",2027,0.00367278797996661
"2028",2028,0.00367278797996661
"2029",2029,0.00367278797996661
"2030",2030,0.00367278797996661
"2031",2031,0.00367278797996661
"2032",2032,0.00367278797996661
"2033",2033,0.00367278797996661
"2034",2034,0.00367278797996661
"2035",2035,0.00367278797996661
"2036",2036,0.00367278797996661
"2037",2037,0.00367278797996661
"2038",2038,0.00367278797996661
"2039",2039,0.00367278797996661
"2040",2040,0.00367278797996661
"2041",2041,0.00367278797996661
"2042",2042,0.00367278797996661
"2043",2043,0.00367278797996661
"2044",2044,0.00367278797996661
"2045",2045,0.00367278797996661
"2046",2046,0.00367278797996661
"2047",2047,0.00367278797996661
"2048",2048,0.00367278797996661
"2049",2049,0.00367278797996661
"2050",2050,0.00367278797996661
"2051",2051,0.00367278797996661
"2052",2052,0.00367278797996661
"2053",2053,0.00367278797996661
"2054",2054,0.00367278797996661
"2055",2055,0.00367278797996661
"2056",2056,0.00367278797996661
"2057",2057,0.00367278797996661
"2058",2058,0.00367278797996661
"2059",2059,0.00367278797996661
"2060",2060,0.00367278797996661
"2061",2061,0.00367278797996661
"2062",2062,0.00367278797996661
"2063",2063,0.00367278797996661
"2064",2064,0.00367278797996661
"2065",2065,0.00333889816360601
"2066",2066,0.00333889816360601
"2067",2067,0.00333889816360601
"2068",2068,0.00333889816360601
"2069",2069,0.00333889816360601
"2070",2070,0.00333889816360601
"2071",2071,0.00333889816360601
"2072",2072,0.00333889816360601
"2073",2073,0.00333889816360601
"2074",2074,0.00333889816360601
"2075",2075,0.00333889816360601
"2076",2076,0.00333889816360601
"2077",2077,0.00333889816360601
"2078",2078,0.00333889816360601
"2079",2079,0.00333889816360601
"2080",2080,0.00333889816360601
"2081",2081,0.00333889816360601
"2082",2082,0.00333889816360601
"2083",2083,0.00333889816360601
"2084",2084,0.00333889816360601
"2085",2085,0.00333889816360601
"2086",2086,0.00333889816360601
"2087",2087,0.00333889816360601
"2088",2088,0.00333889816360601
"2089",2089,0.00333889816360601
"2090",2090,0.00333889816360601
"2091",2091,0.00333889816360601
"2092",2092,0.00333889816360601
"2093",2093,0.00333889816360601
"2094",2094,0.00333889816360601
"2095",2095,0.00333889816360601
"2096",2096,0.00333889816360601
"2097",2097,0.00333889816360601
"2098",2098,0.00333889816360601
"2099",2099,0.00333889816360601
"2100",2100,0.00333889816360601
"2101",2101,0.00333889816360601
"2102",2102,0.00333889816360601
"2103",2103,0.00333889816360601
"2104",2104,0.00333889816360601
"2105",2105,0.00333889816360601
"2106",2106,0.00333889816360601
"2107",2107,0.00333889816360601
"2108",2108,0.00333889816360601
"2109",2109,0.00333889816360601
"2110",2110,0.00333889816360601
"2111",2111,0.00333889816360601
"2112",2112,0.00333889816360601
"2113",2113,0.00333889816360601
"2114",2114,0.00333889816360601
"2115",2115,0.00333889816360601
"2116",2116,0.00333889816360601
"2117",2117,0.00333889816360601
"2118",2118,0.00333889816360601
"2119",2119,0.00333889816360601
"2120",2120,0.00333889816360601
"2121",2121,0.00333889816360601
"2122",2122,0.00333889816360601
"2123",2123,0.00333889816360601
"2124",2124,0.00333889816360601
"2125",2125,0.00333889816360601
"2126",2126,0.00333889816360601
"2127",2127,0.00333889816360601
"2128",2128,0.00333889816360601
"2129",2129,0.00333889816360601
"2130",2130,0.00333889816360601
"2131",2131,0.00333889816360601
"2132",2132,0.00333889816360601
"2133",2133,0.00333889816360601
"2134",2134,0.00333889816360601
"2135",2135,0.00333889816360601
"2136",2136,0.00300500834724541
"2137",2137,0.00300500834724541
"2138",2138,0.00300500834724541
"2139",2139,0.00300500834724541
"2140",2140,0.00300500834724541
"2141",2141,0.00300500834724541
"2142",2142,0.00300500834724541
"2143",2143,0.00300500834724541
"2144",2144,0.00300500834724541
"2145",2145,0.00300500834724541
"2146",2146,0.00300500834724541
"2147",2147,0.00300500834724541
"2148",2148,0.00300500834724541
"2149",2149,0.00300500834724541
"2150",2150,0.00300500834724541
"2151",2151,0.00300500834724541
"2152",2152,0.00300500834724541
"2153",2153,0.00300500834724541
"2154",2154,0.00300500834724541
"2155",2155,0.00300500834724541
"2156",2156,0.00300500834724541
"2157",2157,0.00300500834724541
"2158",2158,0.00300500834724541
"2159",2159,0.00300500834724541
"2160",2160,0.00300500834724541
"2161",2161,0.00300500834724541
"2162",2162,0.00300500834724541
"2163",2163,0.00300500834724541
"2164",2164,0.00300500834724541
"2165",2165,0.00300500834724541
"2166",2166,0.00300500834724541
"2167",2167,0.00300500834724541
"2168",2168,0.00300500834724541
"2169",2169,0.00300500834724541
"2170",2170,0.00300500834724541
"2171",2171,0.00300500834724541
"2172",2172,0.00300500834724541
"2173",2173,0.00300500834724541
"2174",2174,0.00300500834724541
"2175",2175,0.00300500834724541
"2176",2176,0.00300500834724541
"2177",2177,0.00300500834724541
"2178",2178,0.00300500834724541
"2179",2179,0.00300500834724541
"2180",2180,0.00300500834724541
"2181",2181,0.00300500834724541
"2182",2182,0.00300500834724541
"2183",2183,0.00300500834724541
"2184",2184,0.00300500834724541
"2185",2185,0.00300500834724541
"2186",2186,0.00300500834724541
"2187",2187,0.00300500834724541
"2188",2188,0.00300500834724541
"2189",2189,0.00300500834724541
"2190",2190,0.00300500834724541
"2191",2191,0.00300500834724541
"2192",2192,0.00300500834724541
"2193",2193,0.00300500834724541
"2194",2194,0.00300500834724541
"2195",2195,0.00300500834724541
"2196",2196,0.00300500834724541
"2197",2197,0.00300500834724541
"2198",2198,0.00300500834724541
"2199",2199,0.00300500834724541
"2200",2200,0.00300500834724541
"2201",2201,0.00300500834724541
"2202",2202,0.00300500834724541
"2203",2203,0.00300500834724541
"2204",2204,0.00300500834724541
"2205",2205,0.00300500834724541
"2206",2206,0.00300500834724541
"2207",2207,0.00300500834724541
"2208",2208,0.00300500834724541
"2209",2209,0.00300500834724541
"2210",2210,0.00300500834724541
"2211",2211,0.00300500834724541
"2212",2212,0.00300500834724541
"2213",2213,0.00300500834724541
"2214",2214,0.00300500834724541
"2215",2215,0.00300500834724541
"2216",2216,0.00300500834724541
"2217",2217,0.00300500834724541
"2218",2218,0.00300500834724541
"2219",2219,0.00300500834724541
"2220",2220,0.00300500834724541
"2221",2221,0.00300500834724541
"2222",2222,0.00300500834724541
"2223",2223,0.00300500834724541
"2224",2224,0.00300500834724541
"2225",2225,0.00267111853088481
"2226",2226,0.00267111853088481
"2227",2227,0.00267111853088481
"2228",2228,0.00267111853088481
"2229",2229,0.00267111853088481
"2230",2230,0.00267111853088481
"2231",2231,0.00267111853088481
"2232",2232,0.00267111853088481
"2233",2233,0.00267111853088481
"2234",2234,0.00267111853088481
"2235",2235,0.00267111853088481
"2236",2236,0.00267111853088481
"2237",2237,0.00267111853088481
"2238",2238,0.00267111853088481
"2239",2239,0.00267111853088481
"2240",2240,0.00267111853088481
"2241",2241,0.00267111853088481
"2242",2242,0.00267111853088481
"2243",2243,0.00267111853088481
"2244",2244,0.00267111853088481
"2245",2245,0.00267111853088481
"2246",2246,0.00267111853088481
"2247",2247,0.00267111853088481
"2248",2248,0.00267111853088481
"2249",2249,0.00267111853088481
"2250",2250,0.00267111853088481
"2251",2251,0.00267111853088481
"2252",2252,0.00267111853088481
"2253",2253,0.00267111853088481
"2254",2254,0.00267111853088481
"2255",2255,0.00267111853088481
"2256",2256,0.00267111853088481
"2257",2257,0.00267111853088481
"2258",2258,0.00267111853088481
"2259",2259,0.00267111853088481
"2260",2260,0.00267111853088481
"2261",2261,0.00267111853088481
"2262",2262,0.00267111853088481
"2263",2263,0.00267111853088481
"2264",2264,0.00267111853088481
"2265",2265,0.00267111853088481
"2266",2266,0.00267111853088481
"2267",2267,0.00267111853088481
"2268",2268,0.00267111853088481
"2269",2269,0.00267111853088481
"2270",2270,0.00267111853088481
"2271",2271,0.00267111853088481
"2272",2272,0.00267111853088481
"2273",2273,0.00267111853088481
"2274",2274,0.00267111853088481
"2275",2275,0.00267111853088481
"2276",2276,0.00267111853088481
"2277",2277,0.00267111853088481
"2278",2278,0.00267111853088481
"2279",2279,0.00267111853088481
"2280",2280,0.00267111853088481
"2281",2281,0.00267111853088481
"2282",2282,0.00267111853088481
"2283",2283,0.00267111853088481
"2284",2284,0.00267111853088481
"2285",2285,0.00267111853088481
"2286",2286,0.00267111853088481
"2287",2287,0.00267111853088481
"2288",2288,0.00267111853088481
"2289",2289,0.00267111853088481
"2290",2290,0.00267111853088481
"2291",2291,0.00267111853088481
"2292",2292,0.00267111853088481
"2293",2293,0.00267111853088481
"2294",2294,0.00267111853088481
"2295",2295,0.00267111853088481
"2296",2296,0.00267111853088481
"2297",2297,0.00267111853088481
"2298",2298,0.00267111853088481
"2299",2299,0.00267111853088481
"2300",2300,0.00267111853088481
"2301",2301,0.00267111853088481
"2302",2302,0.00267111853088481
"2303",2303,0.00267111853088481
"2304",2304,0.00267111853088481
"2305",2305,0.00267111853088481
"2306",2306,0.00233722871452421
"2307",2307,0.00233722871452421
"2308",2308,0.00233722871452421
"2309",2309,0.00233722871452421
"2310",2310,0.00233722871452421
"2311",2311,0.00233722871452421
"2312",2312,0.00233722871452421
"2313",2313,0.00233722871452421
"2314",2314,0.00233722871452421
"2315",2315,0.00233722871452421
"2316",2316,0.00233722871452421
"2317",2317,0.00233722871452421
"2318",2318,0.00233722871452421
"2319",2319,0.00233722871452421
"2320",2320,0.00233722871452421
"2321",2321,0.00233722871452421
"2322",2322,0.00233722871452421
"2323",2323,0.00233722871452421
"2324",2324,0.00233722871452421
"2325",2325,0.00233722871452421
"2326",2326,0.00233722871452421
"2327",2327,0.00233722871452421
"2328",2328,0.00233722871452421
"2329",2329,0.00233722871452421
"2330",2330,0.00233722871452421
"2331",2331,0.00233722871452421
"2332",2332,0.00233722871452421
"2333",2333,0.00233722871452421
"2334",2334,0.00233722871452421
"2335",2335,0.00233722871452421
"2336",2336,0.00233722871452421
"2337",2337,0.00233722871452421
"2338",2338,0.00233722871452421
"2339",2339,0.00233722871452421
"2340",2340,0.00233722871452421
"2341",2341,0.00233722871452421
"2342",2342,0.00233722871452421
"2343",2343,0.00233722871452421
"2344",2344,0.00233722871452421
"2345",2345,0.00233722871452421
"2346",2346,0.00233722871452421
"2347",2347,0.00233722871452421
"2348",2348,0.00233722871452421
"2349",2349,0.00233722871452421
"2350",2350,0.00233722871452421
"2351",2351,0.00233722871452421
"2352",2352,0.00233722871452421
"2353",2353,0.00233722871452421
"2354",2354,0.00233722871452421
"2355",2355,0.00233722871452421
"2356",2356,0.00233722871452421
"2357",2357,0.00233722871452421
"2358",2358,0.00233722871452421
"2359",2359,0.00233722871452421
"2360",2360,0.00233722871452421
"2361",2361,0.00233722871452421
"2362",2362,0.00233722871452421
"2363",2363,0.00233722871452421
"2364",2364,0.00233722871452421
"2365",2365,0.00233722871452421
"2366",2366,0.00233722871452421
"2367",2367,0.00233722871452421
"2368",2368,0.00233722871452421
"2369",2369,0.00233722871452421
"2370",2370,0.00233722871452421
"2371",2371,0.00233722871452421
"2372",2372,0.00233722871452421
"2373",2373,0.00233722871452421
"2374",2374,0.00233722871452421
"2375",2375,0.00233722871452421
"2376",2376,0.00233722871452421
"2377",2377,0.00233722871452421
"2378",2378,0.00233722871452421
"2379",2379,0.00233722871452421
"2380",2380,0.00233722871452421
"2381",2381,0.00233722871452421
"2382",2382,0.00233722871452421
"2383",2383,0.00233722871452421
"2384",2384,0.00233722871452421
"2385",2385,0.00233722871452421
"2386",2386,0.00233722871452421
"2387",2387,0.00233722871452421
"2388",2388,0.00233722871452421
"2389",2389,0.00233722871452421
"2390",2390,0.00233722871452421
"2391",2391,0.00233722871452421
"2392",2392,0.00233722871452421
"2393",2393,0.00233722871452421
"2394",2394,0.00233722871452421
"2395",2395,0.00233722871452421
"2396",2396,0.00233722871452421
"2397",2397,0.00233722871452421
"2398",2398,0.00233722871452421
"2399",2399,0.00233722871452421
"2400",2400,0.00200333889816361
"2401",2401,0.00200333889816361
"2402",2402,0.00200333889816361
"2403",2403,0.00200333889816361
"2404",2404,0.00200333889816361
"2405",2405,0.00200333889816361
"2406",2406,0.00200333889816361
"2407",2407,0.00200333889816361
"2408",2408,0.00200333889816361
"2409",2409,0.00200333889816361
"2410",2410,0.00200333889816361
"2411",2411,0.00200333889816361
"2412",2412,0.00200333889816361
"2413",2413,0.00200333889816361
"2414",2414,0.00200333889816361
"2415",2415,0.00200333889816361
"2416",2416,0.00200333889816361
"2417",2417,0.00200333889816361
"2418",2418,0.00200333889816361
"2419",2419,0.00200333889816361
"2420",2420,0.00200333889816361
"2421",2421,0.00200333889816361
"2422",2422,0.00200333889816361
"2423",2423,0.00200333889816361
"2424",2424,0.00200333889816361
"2425",2425,0.00200333889816361
"2426",2426,0.00200333889816361
"2427",2427,0.00200333889816361
"2428",2428,0.00200333889816361
"2429",2429,0.00200333889816361
"2430",2430,0.00200333889816361
"2431",2431,0.00200333889816361
"2432",2432,0.00200333889816361
"2433",2433,0.00200333889816361
"2434",2434,0.00200333889816361
"2435",2435,0.00200333889816361
"2436",2436,0.00200333889816361
"2437",2437,0.00200333889816361
"2438",2438,0.00200333889816361
"2439",2439,0.00200333889816361
"2440",2440,0.00200333889816361
"2441",2441,0.00200333889816361
"2442",2442,0.00200333889816361
"2443",2443,0.00200333889816361
"2444",2444,0.00200333889816361
"2445",2445,0.00200333889816361
"2446",2446,0.00200333889816361
"2447",2447,0.00200333889816361
"2448",2448,0.00200333889816361
"2449",2449,0.00200333889816361
"2450",2450,0.00200333889816361
"2451",2451,0.00200333889816361
"2452",2452,0.00200333889816361
"2453",2453,0.00200333889816361
"2454",2454,0.00200333889816361
"2455",2455,0.00200333889816361
"2456",2456,0.00200333889816361
"2457",2457,0.00200333889816361
"2458",2458,0.00200333889816361
"2459",2459,0.00200333889816361
"2460",2460,0.00200333889816361
"2461",2461,0.00200333889816361
"2462",2462,0.00200333889816361
"2463",2463,0.00200333889816361
"2464",2464,0.00200333889816361
"2465",2465,0.00200333889816361
"2466",2466,0.00200333889816361
"2467",2467,0.00200333889816361
"2468",2468,0.00200333889816361
"2469",2469,0.00200333889816361
"2470",2470,0.00200333889816361
"2471",2471,0.00200333889816361
"2472",2472,0.00200333889816361
"2473",2473,0.00200333889816361
"2474",2474,0.00200333889816361
"2475",2475,0.00200333889816361
"2476",2476,0.00200333889816361
"2477",2477,0.00200333889816361
"2478",2478,0.00200333889816361
"2479",2479,0.00200333889816361
"2480",2480,0.00200333889816361
"2481",2481,0.00200333889816361
"2482",2482,0.00200333889816361
"2483",2483,0.00200333889816361
"2484",2484,0.00200333889816361
"2485",2485,0.00200333889816361
"2486",2486,0.00200333889816361
"2487",2487,0.00200333889816361
"2488",2488,0.00200333889816361
"2489",2489,0.00200333889816361
"2490",2490,0.00200333889816361
"2491",2491,0.00200333889816361
"2492",2492,0.00200333889816361
"2493",2493,0.00200333889816361
"2494",2494,0.00200333889816361
"2495",2495,0.00200333889816361
"2496",2496,0.00166944908180301
"2497",2497,0.00166944908180301
"2498",2498,0.00166944908180301
"2499",2499,0.00166944908180301
"2500",2500,0.00166944908180301
"2501",2501,0.00166944908180301
"2502",2502,0.00166944908180301
"2503",2503,0.00166944908180301
"2504",2504,0.00166944908180301
"2505",2505,0.00166944908180301
"2506",2506,0.00166944908180301
"2507",2507,0.00166944908180301
"2508",2508,0.00166944908180301
"2509",2509,0.00166944908180301
"2510",2510,0.00166944908180301
"2511",2511,0.00166944908180301
"2512",2512,0.00166944908180301
"2513",2513,0.00166944908180301
"2514",2514,0.00166944908180301
"2515",2515,0.00166944908180301
"2516",2516,0.00166944908180301
"2517",2517,0.00166944908180301
"2518",2518,0.00166944908180301
"2519",2519,0.00166944908180301
"2520",2520,0.00166944908180301
"2521",2521,0.00166944908180301
"2522",2522,0.00166944908180301
"2523",2523,0.00166944908180301
"2524",2524,0.00166944908180301
"2525",2525,0.00166944908180301
"2526",2526,0.00166944908180301
"2527",2527,0.00166944908180301
"2528",2528,0.00166944908180301
"2529",2529,0.00166944908180301
"2530",2530,0.00166944908180301
"2531",2531,0.00166944908180301
"2532",2532,0.00166944908180301
"2533",2533,0.00166944908180301
"2534",2534,0.00166944908180301
"2535",2535,0.00166944908180301
"2536",2536,0.00166944908180301
"2537",2537,0.00166944908180301
"2538",2538,0.00166944908180301
"2539",2539,0.00166944908180301
"2540",2540,0.00166944908180301
"2541",2541,0.00166944908180301
"2542",2542,0.00166944908180301
"2543",2543,0.00166944908180301
"2544",2544,0.00166944908180301
"2545",2545,0.00166944908180301
"2546",2546,0.00166944908180301
"2547",2547,0.00166944908180301
"2548",2548,0.00166944908180301
"2549",2549,0.00166944908180301
"2550",2550,0.00166944908180301
"2551",2551,0.00166944908180301
"2552",2552,0.00166944908180301
"2553",2553,0.00166944908180301
"2554",2554,0.00166944908180301
"2555",2555,0.00166944908180301
"2556",2556,0.00166944908180301
"2557",2557,0.00166944908180301
"2558",2558,0.00166944908180301
"2559",2559,0.00166944908180301
"2560",2560,0.00166944908180301
"2561",2561,0.00166944908180301
"2562",2562,0.00166944908180301
"2563",2563,0.00166944908180301
"2564",2564,0.00166944908180301
"2565",2565,0.00166944908180301
"2566",2566,0.00166944908180301
"2567",2567,0.00166944908180301
"2568",2568,0.00166944908180301
"2569",2569,0.00166944908180301
"2570",2570,0.00166944908180301
"2571",2571,0.00166944908180301
"2572",2572,0.00166944908180301
"2573",2573,0.00166944908180301
"2574",2574,0.00166944908180301
"2575",2575,0.00166944908180301
"2576",2576,0.00166944908180301
"2577",2577,0.00166944908180301
"2578",2578,0.00166944908180301
"2579",2579,0.00166944908180301
"2580",2580,0.00166944908180301
"2581",2581,0.00166944908180301
"2582",2582,0.00166944908180301
"2583",2583,0.00166944908180301
"2584",2584,0.00166944908180301
"2585",2585,0.0013355592654424
"2586",2586,0.0013355592654424
"2587",2587,0.0013355592654424
"2588",2588,0.0013355592654424
"2589",2589,0.0013355592654424
"2590",2590,0.0013355592654424
"2591",2591,0.0013355592654424
"2592",2592,0.0013355592654424
"2593",2593,0.0013355592654424
"2594",2594,0.0013355592654424
"2595",2595,0.0013355592654424
"2596",2596,0.0013355592654424
"2597",2597,0.0013355592654424
"2598",2598,0.0013355592654424
"2599",2599,0.0013355592654424
"2600",2600,0.0013355592654424
"2601",2601,0.0013355592654424
"2602",2602,0.0013355592654424
"2603",2603,0.0013355592654424
"2604",2604,0.0013355592654424
"2605",2605,0.0013355592654424
"2606",2606,0.0013355592654424
"2607",2607,0.0013355592654424
"2608",2608,0.0013355592654424
"2609",2609,0.0013355592654424
"2610",2610,0.0013355592654424
"2611",2611,0.0013355592654424
"2612",2612,0.0013355592654424
"2613",2613,0.0013355592654424
"2614",2614,0.0013355592654424
"2615",2615,0.0013355592654424
"2616",2616,0.0013355592654424
"2617",2617,0.0013355592654424
"2618",2618,0.0013355592654424
"2619",2619,0.0013355592654424
"2620",2620,0.0013355592654424
"2621",2621,0.0013355592654424
"2622",2622,0.0013355592654424
"2623",2623,0.0013355592654424
"2624",2624,0.0013355592654424
"2625",2625,0.0013355592654424
"2626",2626,0.0013355592654424
"2627",2627,0.0013355592654424
"2628",2628,0.0013355592654424
"2629",2629,0.0013355592654424
"2630",2630,0.0013355592654424
"2631",2631,0.0013355592654424
"2632",2632,0.0013355592654424
"2633",2633,0.0013355592654424
"2634",2634,0.0013355592654424
"2635",2635,0.0013355592654424
"2636",2636,0.0013355592654424
"2637",2637,0.0013355592654424
"2638",2638,0.0013355592654424
"2639",2639,0.0013355592654424
"2640",2640,0.0013355592654424
"2641",2641,0.0013355592654424
"2642",2642,0.0013355592654424
"2643",2643,0.0013355592654424
"2644",2644,0.0013355592654424
"2645",2645,0.0013355592654424
"2646",2646,0.0013355592654424
"2647",2647,0.0013355592654424
"2648",2648,0.0013355592654424
"2649",2649,0.0013355592654424
"2650",2650,0.0013355592654424
"2651",2651,0.0013355592654424
"2652",2652,0.0013355592654424
"2653",2653,0.0013355592654424
"2654",2654,0.0013355592654424
"2655",2655,0.0013355592654424
"2656",2656,0.0013355592654424
"2657",2657,0.0013355592654424
"2658",2658,0.0013355592654424
"2659",2659,0.0013355592654424
"2660",2660,0.0013355592654424
"2661",2661,0.0013355592654424
"2662",2662,0.0013355592654424
"2663",2663,0.0013355592654424
"2664",2664,0.0013355592654424
"2665",2665,0.0013355592654424
"2666",2666,0.0013355592654424
"2667",2667,0.0013355592654424
"2668",2668,0.0013355592654424
"2669",2669,0.0013355592654424
"2670",2670,0.0013355592654424
"2671",2671,0.0013355592654424
"2672",2672,0.0013355592654424
"2673",2673,0.0013355592654424
"2674",2674,0.0013355592654424
"2675",2675,0.0013355592654424
"2676",2676,0.0013355592654424
"2677",2677,0.0013355592654424
"2678",2678,0.0013355592654424
"2679",2679,0.0013355592654424
"2680",2680,0.0013355592654424
"2681",2681,0.0013355592654424
"2682",2682,0.0013355592654424
"2683",2683,0.0013355592654424
"2684",2684,0.0013355592654424
"2685",2685,0.0013355592654424
"2686",2686,0.0013355592654424
"2687",2687,0.0013355592654424
"2688",2688,0.0013355592654424
"2689",2689,0.0010016694490818
"2690",2690,0.0010016694490818
"2691",2691,0.0010016694490818
"2692",2692,0.0010016694490818
"2693",2693,0.0010016694490818
"2694",2694,0.0010016694490818
"2695",2695,0.0010016694490818
"2696",2696,0.0010016694490818
"2697",2697,0.0010016694490818
"2698",2698,0.0010016694490818
"2699",2699,0.0010016694490818
"2700",2700,0.0010016694490818
"2701",2701,0.0010016694490818
"2702",2702,0.0010016694490818
"2703",2703,0.0010016694490818
"2704",2704,0.0010016694490818
"2705",2705,0.0010016694490818
"2706",2706,0.0010016694490818
"2707",2707,0.0010016694490818
"2708",2708,0.0010016694490818
"2709",2709,0.0010016694490818
"2710",2710,0.0010016694490818
"2711",2711,0.0010016694490818
"2712",2712,0.0010016694490818
"2713",2713,0.0010016694490818
"2714",2714,0.0010016694490818
"2715",2715,0.0010016694490818
"2716",2716,0.0010016694490818
"2717",2717,0.0010016694490818
"2718",2718,0.0010016694490818
"2719",2719,0.0010016694490818
"2720",2720,0.0010016694490818
"2721",2721,0.0010016694490818
"2722",2722,0.0010016694490818
"2723",2723,0.0010016694490818
"2724",2724,0.0010016694490818
"2725",2725,0.0010016694490818
"2726",2726,0.0010016694490818
"2727",2727,0.0010016694490818
"2728",2728,0.0010016694490818
"2729",2729,0.0010016694490818
"2730",2730,0.0010016694490818
"2731",2731,0.0010016694490818
"2732",2732,0.0010016694490818
"2733",2733,0.0010016694490818
"2734",2734,0.0010016694490818
"2735",2735,0.0010016694490818
"2736",2736,0.0010016694490818
"2737",2737,0.0010016694490818
"2738",2738,0.0010016694490818
"2739",2739,0.0010016694490818
"2740",2740,0.0010016694490818
"2741",2741,0.0010016694490818
"2742",2742,0.0010016694490818
"2743",2743,0.0010016694490818
"2744",2744,0.0010016694490818
"2745",2745,0.0010016694490818
"2746",2746,0.0010016694490818
"2747",2747,0.0010016694490818
"2748",2748,0.0010016694490818
"2749",2749,0.0010016694490818
"2750",2750,0.0010016694490818
"2751",2751,0.0010016694490818
"2752",2752,0.0010016694490818
"2753",2753,0.0010016694490818
"2754",2754,0.0010016694490818
"2755",2755,0.0010016694490818
"2756",2756,0.0010016694490818
"2757",2757,0.0010016694490818
"2758",2758,0.0010016694490818
"2759",2759,0.0010016694490818
"2760",2760,0.0010016694490818
"2761",2761,0.0010016694490818
"2762",2762,0.0010016694490818
"2763",2763,0.0010016694490818
"2764",2764,0.0010016694490818
"2765",2765,0.0010016694490818
"2766",2766,0.0010016694490818
"2767",2767,0.0010016694490818
"2768",2768,0.0010016694490818
"2769",2769,0.0010016694490818
"2770",2770,0.0010016694490818
"2771",2771,0.0010016694490818
"2772",2772,0.0010016694490818
"2773",2773,0.0010016694490818
"2774",2774,0.0010016694490818
"2775",2775,0.0010016694490818
"2776",2776,0.0010016694490818
"2777",2777,0.0010016694490818
"2778",2778,0.0010016694490818
"2779",2779,0.0010016694490818
"2780",2780,0.0010016694490818
"2781",2781,0.0010016694490818
"2782",2782,0.0010016694490818
"2783",2783,0.0010016694490818
"2784",2784,0.0010016694490818
"2785",2785,0.0010016694490818
"2786",2786,0.0010016694490818
"2787",2787,0.0010016694490818
"2788",2788,0.0010016694490818
"2789",2789,0.000667779632721202
"2790",2790,0.000667779632721202
"2791",2791,0.000667779632721202
"2792",2792,0.000667779632721202
"2793",2793,0.000667779632721202
"2794",2794,0.000667779632721202
"2795",2795,0.000667779632721202
"2796",2796,0.000667779632721202
"2797",2797,0.000667779632721202
"2798",2798,0.000667779632721202
"2799",2799,0.000667779632721202
"2800",2800,0.000667779632721202
"2801",2801,0.000667779632721202
"2802",2802,0.000667779632721202
"2803",2803,0.000667779632721202
"2804",2804,0.000667779632721202
"2805",2805,0.000667779632721202
"2806",2806,0.000667779632721202
"2807",2807,0.000667779632721202
"2808",2808,0.000667779632721202
"2809",2809,0.000667779632721202
"2810",2810,0.000667779632721202
"2811",2811,0.000667779632721202
"2812",2812,0.000667779632721202
"2813",2813,0.000667779632721202
"2814",2814,0.000667779632721202
"2815",2815,0.000667779632721202
"2816",2816,0.000667779632721202
"2817",2817,0.000667779632721202
"2818",2818,0.000667779632721202
"2819",2819,0.000667779632721202
"2820",2820,0.000667779632721202
"2821",2821,0.000667779632721202
"2822",2822,0.000667779632721202
"2823",2823,0.000667779632721202
"2824",2824,0.000667779632721202
"2825",2825,0.000667779632721202
"2826",2826,0.000667779632721202
"2827",2827,0.000667779632721202
"2828",2828,0.000667779632721202
"2829",2829,0.000667779632721202
"2830",2830,0.000667779632721202
"2831",2831,0.000667779632721202
"2832",2832,0.000667779632721202
"2833",2833,0.000667779632721202
"2834",2834,0.000667779632721202
"2835",2835,0.000667779632721202
"2836",2836,0.000667779632721202
"2837",2837,0.000667779632721202
"2838",2838,0.000667779632721202
"2839",2839,0.000667779632721202
"2840",2840,0.000667779632721202
"2841",2841,0.000667779632721202
"2842",2842,0.000667779632721202
"2843",2843,0.000667779632721202
"2844",2844,0.000667779632721202
"2845",2845,0.000667779632721202
"2846",2846,0.000667779632721202
"2847",2847,0.000667779632721202
"2848",2848,0.000667779632721202
"2849",2849,0.000667779632721202
"2850",2850,0.000667779632721202
"2851",2851,0.000667779632721202
"2852",2852,0.000667779632721202
"2853",2853,0.000667779632721202
"2854",2854,0.000667779632721202
"2855",2855,0.000667779632721202
"2856",2856,0.000667779632721202
"2857",2857,0.000667779632721202
"2858",2858,0.000667779632721202
"2859",2859,0.000667779632721202
"2860",2860,0.000667779632721202
"2861",2861,0.000667779632721202
"2862",2862,0.000667779632721202
"2863",2863,0.000667779632721202
"2864",2864,0.000667779632721202
"2865",2865,0.000667779632721202
"2866",2866,0.000667779632721202
"2867",2867,0.000667779632721202
"2868",2868,0.000667779632721202
"2869",2869,0.000667779632721202
"2870",2870,0.000667779632721202
"2871",2871,0.000667779632721202
"2872",2872,0.000667779632721202
"2873",2873,0.000667779632721202
"2874",2874,0.000667779632721202
"2875",2875,0.000667779632721202
"2876",2876,0.000667779632721202
"2877",2877,0.000667779632721202
"2878",2878,0.000667779632721202
"2879",2879,0.000667779632721202
"2880",2880,0.000667779632721202
"2881",2881,0.000667779632721202
"2882",2882,0.000667779632721202
"2883",2883,0.000667779632721202
"2884",2884,0.000667779632721202
"2885",2885,0.000667779632721202
"2886",2886,0.000667779632721202
"2887",2887,0.000667779632721202
"2888",2888,0.000667779632721202
"2889",2889,0.000667779632721202
"2890",2890,0.000667779632721202
"2891",2891,0.000667779632721202
"2892",2892,0.000667779632721202
"2893",2893,0.000667779632721202
"2894",2894,0.000667779632721202
"2895",2895,0.000667779632721202
"2896",2896,0.000667779632721202
"2897",2897,0.000667779632721202
"2898",2898,0.000333889816360601
"2899",2899,0.000333889816360601
"2900",2900,0.000333889816360601
"2901",2901,0.000333889816360601
"2902",2902,0.000333889816360601
"2903",2903,0.000333889816360601
"2904",2904,0.000333889816360601
"2905",2905,0.000333889816360601
"2906",2906,0.000333889816360601
"2907",2907,0.000333889816360601
"2908",2908,0.000333889816360601
"2909",2909,0.000333889816360601
"2910",2910,0.000333889816360601
"2911",2911,0.000333889816360601
"2912",2912,0.000333889816360601
"2913",2913,0.000333889816360601
"2914",2914,0.000333889816360601
"2915",2915,0.000333889816360601
"2916",2916,0.000333889816360601
"2917",2917,0.000333889816360601
"2918",2918,0.000333889816360601
"2919",2919,0.000333889816360601
"2920",2920,0.000333889816360601
"2921",2921,0.000333889816360601
"2922",2922,0.000333889816360601
"2923",2923,0.000333889816360601
"2924",2924,0.000333889816360601
"2925",2925,0.000333889816360601
"2926",2926,0.000333889816360601
"2927",2927,0.000333889816360601
"2928",2928,0.000333889816360601
"2929",2929,0.000333889816360601
"2930",2930,0.000333889816360601
"2931",2931,0.000333889816360601
"2932",2932,0.000333889816360601
"2933",2933,0.000333889816360601
"2934",2934,0.000333889816360601
"2935",2935,0.000333889816360601
"2936",2936,0.000333889816360601
"2937",2937,0.000333889816360601
"2938",2938,0.000333889816360601
"2939",2939,0.000333889816360601
"2940",2940,0.000333889816360601
"2941",2941,0.000333889816360601
"2942",2942,0.000333889816360601
"2943",2943,0.000333889816360601
"2944",2944,0.000333889816360601
"2945",2945,0.000333889816360601
"2946",2946,0.000333889816360601
"2947",2947,0.000333889816360601
"2948",2948,0.000333889816360601
"2949",2949,0.000333889816360601
"2950",2950,0.000333889816360601
"2951",2951,0.000333889816360601
"2952",2952,0.000333889816360601
"2953",2953,0.000333889816360601
"2954",2954,0.000333889816360601
"2955",2955,0.000333889816360601
"2956",2956,0.000333889816360601
"2957",2957,0.000333889816360601
"2958",2958,0.000333889816360601
"2959",2959,0.000333889816360601
"2960",2960,0.000333889816360601
"2961",2961,0.000333889816360601
"2962",2962,0.000333889816360601
"2963",2963,0.000333889816360601
"2964",2964,0.000333889816360601
"2965",2965,0.000333889816360601
"2966",2966,0.000333889816360601
"2967",2967,0.000333889816360601
"2968",2968,0.000333889816360601
"2969",2969,0.000333889816360601
"2970",2970,0.000333889816360601
"2971",2971,0.000333889816360601
"2972",2972,0.000333889816360601
"2973",2973,0.000333889816360601
"2974",2974,0.000333889816360601
"2975",2975,0.000333889816360601
"2976",2976,0.000333889816360601
"2977",2977,0.000333889816360601
"2978",2978,0.000333889816360601
"2979",2979,0.000333889816360601
"2980",2980,0.000333889816360601
"2981",2981,0.000333889816360601
"2982",2982,0.000333889816360601
"2983",2983,0.000333889816360601
"2984",2984,0.000333889816360601
"2985",2985,0.000333889816360601
"2986",2986,0.000333889816360601
"2987",2987,0.000333889816360601
"2988",2988,0.000333889816360601
"2989",2989,0.000333889816360601
"2990",2990,0.000333889816360601
"2991",2991,0.000333889816360601
"2992",2992,0.000333889816360601
"2993",2993,0.000333889816360601
"2994",2994,0.000333889816360601
"2995",2995,0.000333889816360601
"2996",2996,0.000333889816360601
